case_no,inform1,inform2,inform3,inform4,feed1,feed2,feed3,feed4,social1,social2,social3,network1,network2,network3,boss1,boss2,boss3,mastery1,mastery2,mastery3,mastery4,integration1,integration2,integration3,integration4,clarity1,clarity2,clarity3,clarity4,pro_per1,pro_per2,pro_per3,pro_per4,pro_per5,pro_per6,pro_per7,pro_per8,pro_per9,pro_per10,sub_age,sub_gender,sub_edu,sub_tenure,perform1,perform2,perform3,perform4,perform5,perform6,perform7,proficiency1,proficiency2,proficiency3,proficiency4,proficiency5,proficiency6,dedication1,dedication2,dedication3,dedication4,dedication5,dedication6,dedication7,dedication8,sup_age,sup_gender,sup_tenure,sup_edu
1,7,7,6,6,7,7,6,7,6,7,7,7,6,6,6,7,7,7,7,1,7,7,7,7,7,1,1,7,7,7,7,7,7,7,7,7,7,7,7,21,0,3,8,7,7,7,7,7,1,1,7,7,7,7,7,7,7,7,7,7,7,7,7,6,27,2,3,3
2,4,5,5,5,4,4,4,5,5,5,4,4,5,5,5,4,4,5,5,4,5,5,5,5,5,4,4,5,5,4,5,5,4,4,4,5,5,5,4,20,0,4,5,5,5,5,5,4,4,4,5,5,5,4,4,5,5,4,4,5,5,5,4,4,27,2,3,3
3,7,7,7,6,7,7,7,7,7,6,6,7,7,7,6,6,7,7,7,1,7,7,7,7,6,1,2,7,7,7,6,6,7,7,7,6,6,7,7,21,0,3,5,6,6,7,7,7,1,2,7,6,6,7,6,7,7,7,6,6,6,7,7,7,27,2,3,3
4,1,2,2,2,1,1,1,1,2,2,2,1,1,1,1,2,2,2,2,6,2,2,2,2,2,6,6,2,2,1,2,2,1,1,1,2,2,1,2,21,0,3,3,2,2,2,2,2,6,6,2,2,2,2,2,2,2,2,2,2,2,2,2,2,27,2,3,3
5,6,6,7,6,7,6,7,6,5,6,6,7,6,6,5,6,5,6,7,1,7,6,7,7,6,1,2,7,7,6,7,7,6,6,6,7,7,6,6,28,1,3,6,7,7,6,7,6,1,2,6,7,7,7,6,6,6,7,7,7,6,7,6,7,29,1,4,3
6,4,4,5,5,4,4,5,5,4,4,4,5,5,4,5,5,5,5,5,4,4,4,4,4,4,4,4,5,5,5,6,4,4,5,5,4,4,5,5,21,1,2,5,5,5,5,5,5,4,4,5,5,4,4,4,5,5,5,4,4,4,4,4,4,29,1,4,3
7,4,3,4,4,4,3,3,6,4,4,4,4,5,5,4,4,4,5,5,4,5,4,4,5,5,4,3,4,5,4,5,5,5,4,5,5,6,4,4,20,1,2,4,4,4,4,4,4,4,4,5,5,4,4,5,5,5,3,6,5,5,4,4,5,29,1,4,3
8,7,6,6,7,5,6,6,7,7,6,6,6,7,7,7,6,6,6,7,1,7,7,7,6,7,1,1,7,6,6,7,6,6,6,7,7,7,6,6,37,1,3,6,6,6,6,6,7,1,1,7,7,6,6,6,7,7,7,6,6,6,6,7,7,30,1,4,3
9,2,2,3,3,2,2,3,3,2,2,2,3,3,3,2,2,3,1,2,6,2,1,2,2,1,7,7,2,2,1,2,2,3,3,2,2,4,2,2,33,1,2,7,3,2,1,2,2,6,7,2,2,3,2,2,2,3,3,2,2,2,1,2,2,30,1,4,3
10,7,6,7,6,7,6,6,7,1,2,2,4,5,5,6,6,7,7,7,1,7,7,6,7,6,1,1,7,7,6,6,7,7,6,6,7,7,6,6,22,1,2,10,7,6,6,7,7,1,1,6,7,7,7,6,7,7,7,6,6,6,6,7,7,30,1,4,3
11,5,5,5,5,6,6,5,5,1,1,1,4,4,5,5,5,4,5,5,4,5,4,5,5,5,2,3,5,6,5,5,4,5,5,5,4,5,5,5,21,1,2,6,4,5,4,5,5,2,2,4,5,5,4,4,6,5,4,5,5,6,4,5,5,30,1,4,3
12,5,4,5,5,5,5,5,5,5,4,5,5,5,4,4,5,4,4,5,3,5,6,6,5,5,3,3,5,6,5,6,5,6,5,6,5,6,5,6,29,0,3,6,6,5,5,4,5,4,4,4,5,5,5,6,5,5,4,5,5,5,6,5,4,30,1,4,3
13,4,4,4,4,3,4,3,4,4,4,4,4,4,4,3,4,4,4,4,4,4,4,4,4,4,4,4,4,4,5,4,4,4,4,4,4,4,4,4,18,1,3,4,5,5,4,4,4,4,4,4,5,5,5,4,4,4,5,5,5,5,5,5,5,28,1,4,3
14,3,5,5,4,5,4,5,5,5,5,5,4,4,5,5,5,5,4,5,4,6,4,5,4,5,4,4,5,5,4,4,3,3,4,4,5,5,5,4,29,0,2,6,6,6,5,5,5,4,4,4,5,5,5,6,5,5,5,5,5,5,5,5,5,28,1,4,3
15,7,6,6,7,7,7,7,7,7,7,6,6,7,7,7,7,7,7,7,7,7,7,7,7,7,1,1,7,7,7,7,6,7,6,7,7,7,6,7,28,1,3,3,7,7,7,6,7,1,1,6,6,7,7,7,7,6,6,7,7,7,7,7,7,28,1,4,3
16,1,2,2,1,1,1,1,2,2,2,1,1,1,1,1,1,2,1,2,6,1,1,1,1,1,7,6,1,1,2,1,1,1,2,2,2,1,2,2,30,1,2,7,2,2,2,1,1,6,6,2,3,2,2,1,1,1,2,2,1,2,2,2,1,28,1,4,3
17,2,2,2,2,2,2,2,2,1,1,2,1,1,1,2,2,1,2,2,5,2,3,3,3,3,5,5,3,3,3,3,3,3,3,3,3,3,3,3,26,1,2,8,2,3,3,2,2,6,6,2,2,1,2,3,2,2,3,3,2,2,3,2,2,29,1,4,3
18,3,3,3,3,2,2,2,2,1,3,3,3,2,3,3,3,3,3,3,4,2,3,3,3,2,6,6,3,3,3,2,2,3,3,2,3,3,2,1,28,1,2,7,3,1,2,2,3,5,7,3,4,4,4,3,3,3,2,2,2,3,3,2,2,29,1,4,3
19,1,1,1,1,2,1,2,2,1,1,1,1,1,2,2,2,2,1,1,5,1,1,1,1,1,7,6,1,1,1,1,2,2,2,2,2,1,2,1,25,1,2,8,1,1,2,2,1,5,5,2,2,1,1,2,2,2,1,1,2,1,1,1,2,29,1,4,3
20,6,6,7,7,7,6,6,6,5,7,7,7,7,7,6,7,6,6,7,1,6,5,6,5,6,1,1,5,6,6,6,7,7,6,5,6,5,5,6,34,0,1,7,6,6,7,7,7,1,1,7,6,6,6,7,7,7,7,7,7,7,7,7,6,29,1,4,3
21,7,6,6,7,7,7,5,6,7,7,7,7,7,6,7,7,7,4,4,3,5,4,4,4,4,4,4,4,4,7,6,3,7,7,4,5,5,5,3,26,0,2,7,4,4,4,4,4,4,4,4,4,4,4,4,4,4,4,4,4,4,4,4,4,24,2,2,2
22,4,5,5,5,5,5,6,6,6,6,6,4,4,4,6,6,5,4,3,5,3,3,3,2,3,5,4,3,3,5,6,5,6,5,6,5,6,5,6,42,0,1,5,3,4,4,3,3,4,4,3,3,4,4,4,3,3,4,4,4,3,3,3,3,24,2,2,2
23,5,6,5,6,5,6,5,6,5,5,6,5,6,5,6,6,5,3,3,4,3,5,3,3,4,4,4,3,3,5,6,5,6,5,6,5,6,6,5,22,0,2,4,3,2,5,3,4,5,5,3,4,2,5,3,1,7,4,2,5,3,6,1,4,24,2,2,2
24,5,6,5,6,5,6,5,6,5,5,5,6,5,6,5,6,5,5,6,5,6,5,6,6,5,2,3,5,6,4,5,6,5,6,6,6,7,6,5,29,0,2,7,3,3,2,2,1,5,5,2,2,3,3,3,3,2,3,2,2,4,3,2,2,25,2,2,2
25,6,7,7,6,7,7,6,7,7,7,6,7,6,7,6,7,6,4,4,4,4,3,5,3,5,4,4,3,4,6,7,6,7,6,6,6,6,6,6,26,0,3,5,4,6,2,2,4,5,4,4,4,3,4,4,4,6,1,4,2,5,4,4,4,25,2,2,2
26,2,1,1,2,2,2,2,2,1,1,1,1,1,1,2,2,2,1,1,7,1,1,1,1,2,7,6,1,1,1,2,2,2,1,1,1,1,2,2,21,0,2,6,1,1,1,2,2,7,7,1,1,2,1,1,1,2,1,1,1,2,1,1,2,25,2,2,2
27,3,4,4,3,3,3,4,4,4,3,3,3,4,4,4,4,4,1,1,6,2,2,2,2,1,7,6,2,2,3,4,4,4,3,3,5,2,3,4,21,1,3,4,2,2,2,1,2,7,6,2,2,2,1,2,2,2,2,1,1,2,2,2,2,24,2,2,2
28,5,6,7,7,7,6,7,6,6,7,6,7,5,5,7,5,6,4,3,5,3,4,3,4,3,5,4,4,4,5,6,6,7,7,6,5,7,6,7,23,1,3,5,3,3,3,3,4,5,4,3,4,4,4,3,3,4,4,3,4,4,4,4,4,24,2,2,2
29,4,3,3,3,5,3,4,2,4,3,3,4,4,4,3,3,3,2,2,5,2,2,1,3,3,4,6,1,1,3,4,4,3,3,3,4,4,4,3,22,1,2,5,2,2,1,2,2,7,5,2,2,2,2,3,1,2,2,4,2,2,2,3,2,24,2,2,2
30,1,2,2,1,1,1,2,2,1,1,1,2,2,2,1,1,2,1,1,6,1,1,2,1,1,7,6,1,1,2,1,1,2,2,2,1,1,1,2,21,1,3,4,1,1,1,2,1,7,6,1,1,1,2,2,2,1,1,1,1,2,1,1,2,25,2,3,2
31,2,2,2,1,2,1,2,1,1,2,2,2,1,1,1,2,2,1,1,6,2,1,1,3,1,7,6,1,1,1,2,2,1,1,1,2,2,1,1,22,0,2,5,1,3,1,1,1,6,7,1,1,1,1,1,2,2,1,1,2,2,1,1,3,25,2,3,2
32,3,5,1,3,3,3,3,4,1,3,5,4,3,2,3,3,3,3,3,5,3,3,4,3,3,5,5,3,3,3,3,4,4,3,3,3,4,4,3,31,1,1,6,3,3,3,3,3,4,4,3,3,3,3,3,4,3,3,3,3,3,4,4,3,25,2,3,2
33,4,4,6,2,4,5,3,4,5,3,4,4,2,5,4,4,4,4,4,4,4,4,4,3,4,4,4,5,4,1,4,3,5,4,2,3,6,1,6,35,1,2,10,4,4,4,5,4,5,5,4,4,4,4,5,4,4,4,3,4,4,5,4,3,25,2,3,2
34,2,3,2,1,2,2,2,2,1,2,3,3,2,1,2,2,2,2,2,6,2,2,2,2,3,5,6,2,1,2,2,3,3,2,2,2,1,2,2,30,1,2,6,2,2,2,1,2,6,7,2,2,2,1,2,2,1,1,2,2,2,1,2,2,41,1,7,2
35,7,4,4,5,5,5,6,4,5,5,5,4,4,7,5,5,5,5,5,2,5,5,5,6,4,2,2,5,4,6,3,5,2,4,6,4,2,5,5,26,1,3,3,5,5,5,4,5,2,3,5,5,5,4,6,5,5,4,7,5,5,5,5,5,41,1,7,2
36,1,1,1,1,2,1,1,2,1,1,2,2,1,1,2,2,2,1,1,6,1,1,1,2,1,7,7,2,1,1,2,2,1,1,3,1,1,3,1,28,1,3,5,1,1,1,3,1,7,7,1,2,2,1,1,1,1,1,3,1,1,1,1,1,41,1,7,2
37,6,6,6,7,5,7,6,6,6,6,6,7,6,5,6,6,6,6,6,6,5,6,6,5,7,2,1,5,7,5,5,5,5,6,5,6,5,7,6,32,1,3,4,6,6,6,6,6,2,1,6,7,4,6,6,5,6,6,6,7,6,6,6,6,41,1,7,2
38,7,7,7,7,7,7,7,7,7,7,7,7,7,7,7,7,7,7,7,1,7,7,6,7,7,1,1,7,5,7,6,7,7,7,6,6,6,7,7,42,1,2,4,7,7,7,6,7,1,2,7,7,7,7,7,6,7,7,7,7,6,7,6,7,43,1,8,2
39,5,4,5,6,5,5,6,4,4,5,5,7,5,4,5,5,5,5,5,4,5,6,7,6,7,4,4,5,5,6,5,7,6,1,5,6,5,7,7,18,1,2,6,4,5,5,5,5,4,3,5,5,4,6,5,7,5,5,5,6,5,5,5,5,43,1,8,2
40,6,5,6,6,5,7,6,6,6,6,6,6,7,5,6,6,6,6,6,1,6,6,6,7,6,1,2,6,6,6,7,6,6,7,5,6,6,7,6,18,1,2,3,6,6,6,7,6,2,1,6,6,7,6,4,6,6,6,6,7,6,4,6,6,43,1,8,2
41,6,7,7,7,7,5,7,7,6,6,7,7,7,7,7,7,7,6,7,1,7,6,7,7,7,1,1,7,6,5,7,6,7,6,6,7,5,6,7,21,1,2,6,7,7,7,7,6,1,1,7,6,6,7,7,7,6,7,7,7,7,7,6,7,43,1,8,2
42,2,1,1,1,2,2,2,2,1,1,1,1,1,1,1,1,2,1,1,7,2,1,1,1,2,7,7,2,1,1,2,2,1,1,1,2,2,1,1,22,1,2,7,1,1,1,1,1,7,6,1,2,1,1,1,2,1,1,2,2,1,1,1,1,42,1,8,2
43,6,6,6,1,3,3,4,2,3,3,4,3,3,3,3,3,3,3,3,5,3,3,3,3,4,6,5,3,2,3,4,4,3,3,4,4,3,3,3,20,0,3,4,3,5,2,3,3,5,6,3,3,4,3,3,3,4,3,3,3,3,4,3,3,42,1,8,2
44,5,6,5,4,6,5,5,3,5,7,4,7,5,4,5,5,5,5,7,4,4,4,6,5,6,1,4,5,5,5,5,5,7,5,6,5,4,6,5,22,1,3,5,5,4,4,5,5,3,2,5,5,7,6,4,4,5,5,4,4,6,5,7,3,43,1,9,2
45,5,3,4,4,4,3,4,6,4,5,3,4,4,4,4,5,4,5,5,5,4,4,4,3,4,5,4,4,4,4,5,5,4,4,4,5,5,5,6,23,1,3,6,4,4,5,4,4,4,4,4,4,5,4,4,4,5,4,4,5,4,4,4,4,43,1,9,2
46,2,2,3,1,4,2,1,1,2,3,2,2,2,2,1,3,2,2,2,7,2,2,2,3,2,7,7,2,3,2,3,3,2,2,3,3,2,2,3,22,1,2,7,2,2,4,1,2,6,6,2,2,5,1,1,2,2,2,2,5,1,1,3,2,43,1,9,2
47,4,5,3,4,5,4,4,3,4,5,4,4,4,4,4,4,4,2,5,3,4,4,4,5,4,3,4,4,4,4,5,5,4,3,3,4,6,4,4,21,1,3,6,4,4,4,4,4,4,4,4,4,4,6,3,4,4,4,5,4,4,4,4,4,44,1,10,2
48,7,7,7,4,7,6,7,7,6,6,6,7,7,7,7,7,7,7,6,1,7,7,6,7,7,1,1,7,6,7,6,7,5,7,5,7,5,6,7,23,1,3,8,7,7,7,7,6,2,1,6,7,7,6,7,7,7,6,6,7,7,7,6,7,44,1,10,2
49,4,6,5,5,7,4,4,4,5,5,5,5,4,5,5,5,5,5,5,1,4,5,5,6,5,2,2,5,4,6,7,5,6,5,7,4,6,7,5,21,1,2,4,5,5,5,5,5,4,4,5,5,5,5,5,5,5,5,5,5,5,5,5,5,44,1,10,2
50,7,6,7,6,6,6,7,6,7,7,6,7,6,6,7,7,7,7,5,4,5,5,5,4,4,4,4,5,4,7,6,7,6,6,6,7,6,7,6,21,1,3,5,4,4,4,4,4,4,4,5,4,4,5,5,4,4,4,4,4,5,5,4,4,35,2,2,2
51,4,5,6,5,6,5,4,5,6,5,5,5,5,5,4,6,5,5,6,5,5,5,6,5,4,4,4,5,6,4,4,4,4,5,5,6,6,6,6,28,0,2,4,5,5,5,5,5,3,4,5,5,5,5,5,4,5,5,5,5,5,6,5,5,35,2,2,2
52,3,5,5,2,5,2,4,4,4,4,4,4,4,4,5,4,4,2,2,6,2,2,2,3,2,6,6,2,3,5,6,6,6,6,6,6,5,6,5,28,0,3,5,3,2,2,2,2,7,6,2,3,2,2,2,2,1,2,2,2,2,1,2,3,35,2,2,2
53,7,6,6,4,6,7,6,6,5,5,5,6,6,6,7,6,6,3,3,5,3,3,3,3,2,5,4,3,3,7,7,7,7,7,7,7,7,7,7,21,0,3,2,2,3,3,2,2,6,6,2,3,3,3,2,2,3,3,2,2,3,3,2,3,36,2,3,2
54,2,2,2,1,2,1,2,2,1,1,1,2,2,2,1,2,2,1,1,6,1,1,1,2,2,6,7,1,2,4,4,4,4,4,4,4,4,4,4,17,0,3,4,1,1,1,1,1,6,6,1,1,1,2,1,1,1,1,2,1,1,1,1,1,36,2,3,2
55,5,5,5,4,5,4,5,5,6,5,3,5,5,5,6,5,4,3,4,4,3,4,3,3,3,4,4,3,3,4,5,4,5,4,5,4,5,4,6,28,0,2,4,3,3,3,3,3,4,4,3,4,3,3,4,3,3,4,3,3,4,3,3,4,36,2,3,2
56,2,2,2,1,3,2,2,2,2,1,1,2,2,2,3,1,1,2,2,6,1,1,1,3,1,7,7,2,3,4,3,4,2,3,3,2,2,2,1,21,0,3,6,1,1,1,1,1,6,6,1,1,1,1,2,1,1,1,1,1,1,1,2,2,34,2,4,2
57,5,6,5,3,5,5,5,5,6,5,4,5,5,5,6,5,5,2,2,5,2,2,2,2,3,6,6,3,3,5,6,6,5,5,5,5,5,5,5,21,0,3,6,3,2,2,2,2,5,5,2,2,3,1,2,3,2,1,1,2,4,2,3,2,34,2,4,2
58,5,6,7,7,7,6,7,7,7,7,4,7,7,7,7,7,6,7,7,2,7,7,7,7,6,1,1,7,6,6,6,5,4,4,7,6,6,7,7,20,0,2,6,7,7,7,7,7,2,2,6,7,7,6,6,7,7,7,6,6,6,7,7,7,34,2,4,2
59,2,2,2,1,3,2,3,3,3,3,2,2,2,2,2,3,3,2,2,6,2,3,1,2,2,6,6,2,2,2,2,1,2,2,3,2,2,3,2,23,1,3,7,2,2,3,3,2,7,6,2,3,2,2,1,1,3,1,2,2,2,1,2,2,28,2,2,2
60,4,6,4,1,6,4,4,4,5,4,2,4,4,4,4,4,4,3,2,5,3,3,4,3,3,5,5,4,3,4,3,4,3,4,4,3,3,3,6,21,0,2,6,3,3,3,3,3,6,6,3,2,2,3,3,2,3,3,3,2,3,3,3,2,28,2,2,2
61,3,3,3,1,3,2,3,3,4,3,3,3,3,3,3,4,3,3,4,6,3,2,2,3,2,7,6,2,3,2,2,2,2,1,2,2,2,2,1,21,0,3,6,3,2,2,2,2,6,5,3,2,2,2,2,1,2,2,2,2,3,2,2,2,28,2,2,2
62,7,7,7,5,7,5,7,7,7,7,4,7,7,7,7,7,7,4,5,4,5,5,5,4,4,4,4,5,5,6,6,6,6,5,5,6,6,6,6,19,0,2,6,5,5,4,5,5,4,4,5,5,4,4,5,5,4,4,5,5,5,5,5,5,35,2,2,3
63,1,1,1,1,1,1,1,1,1,1,1,1,1,1,1,1,1,1,1,6,1,1,1,1,2,7,6,1,1,1,1,2,1,1,1,2,2,2,2,21,0,2,6,1,1,1,1,1,7,6,1,1,1,2,1,1,1,1,1,3,1,1,1,1,35,2,2,3
64,6,6,6,5,7,5,6,6,6,6,4,6,6,6,7,6,6,6,2,2,6,6,6,5,6,3,2,6,6,6,6,5,5,5,4,6,6,6,6,20,0,2,5,6,6,6,6,6,2,3,6,6,6,6,6,7,7,6,6,6,6,6,6,6,35,2,2,3
65,2,2,2,1,2,1,1,1,2,2,1,1,1,1,2,2,1,1,2,7,2,1,1,2,1,6,6,1,1,1,2,2,2,1,1,2,2,2,1,20,0,2,6,2,1,1,1,2,7,7,2,1,1,1,2,2,1,1,1,1,2,1,1,1,35,2,2,3
66,5,4,4,5,4,5,5,6,5,4,5,6,5,6,5,6,5,5,6,6,5,4,4,5,4,5,4,4,4,4,4,5,4,4,4,5,4,5,4,31,1,3,3,5,3,4,5,3,4,5,5,6,6,6,5,4,5,4,2,3,6,5,4,4,35,2,2,3
67,5,4,5,5,6,5,6,5,5,4,6,5,6,5,6,4,6,6,6,6,7,7,5,4,6,4,4,5,6,6,5,6,6,5,6,5,6,5,6,28,0,3,7,6,6,6,6,4,2,2,6,6,5,5,6,6,5,6,5,6,5,6,6,5,28,2,3,2
68,3,5,5,4,5,6,5,4,5,6,5,6,5,6,5,6,5,4,5,5,5,6,5,5,6,3,3,5,6,6,5,6,5,6,5,6,5,6,5,39,0,2,6,4,4,4,3,2,6,6,3,3,2,3,3,2,3,2,2,2,3,3,3,2,28,2,3,2
69,4,5,4,5,4,5,4,5,4,5,4,5,4,5,4,5,4,4,5,5,5,5,6,5,6,4,4,5,5,5,5,4,4,5,4,5,5,5,5,22,0,2,4,2,3,2,3,1,6,6,1,1,1,1,1,1,2,1,1,1,2,1,1,1,28,2,3,2
70,4,5,4,5,4,3,4,3,4,4,5,4,5,4,3,4,5,4,5,5,5,5,5,4,5,4,4,4,4,4,5,4,5,4,5,4,5,4,4,23,0,2,4,5,5,5,5,4,3,2,4,4,5,4,3,3,5,4,4,4,5,5,4,4,33,1,4,2
71,4,5,4,3,4,5,4,5,4,3,4,5,4,3,4,5,4,5,5,2,6,6,6,6,5,2,2,5,5,4,4,5,4,3,4,4,5,4,5,33,0,1,9,5,6,5,6,6,2,2,5,5,4,5,5,5,6,4,5,5,5,5,5,5,33,1,4,2
72,7,7,7,6,7,6,7,7,7,7,5,7,7,7,7,7,7,7,7,1,7,6,6,6,7,1,1,6,6,6,6,6,6,6,6,7,7,6,6,28,0,3,4,7,7,6,6,6,1,1,6,6,7,7,7,6,6,7,7,6,7,7,7,7,33,1,4,2
73,5,6,7,5,6,6,7,6,6,7,5,7,6,7,5,6,7,5,5,4,5,5,4,4,4,4,4,4,4,6,6,6,6,5,5,6,6,5,6,19,0,2,4,4,4,4,4,2,2,2,5,4,4,5,4,5,3,3,3,4,3,4,4,3,28,1,3,2
74,5,5,7,7,5,6,5,7,7,6,6,5,7,7,5,6,7,5,7,6,7,6,7,6,6,1,2,7,7,7,6,6,7,5,7,6,5,7,5,21,1,2,4,5,3,4,4,4,4,4,4,5,4,4,5,3,4,3,5,4,5,3,4,3,28,1,3,2
75,5,7,5,6,5,7,7,5,6,6,7,5,7,6,6,7,7,6,7,5,7,6,5,6,6,2,1,7,7,7,5,7,7,5,6,6,5,7,6,20,0,2,4,6,5,5,5,5,4,4,5,5,6,5,5,6,6,6,5,6,6,6,5,6,28,1,3,2
76,2,4,6,7,7,5,3,1,5,6,7,6,7,5,6,6,7,7,7,6,7,7,7,6,6,1,1,5,7,6,6,7,6,4,6,7,6,7,5,20,0,3,2,5,4,3,4,4,5,5,3,4,4,4,3,4,3,4,3,4,3,4,3,4,32,2,3,2
77,4,6,7,5,6,4,7,5,6,5,7,6,4,7,5,7,6,6,7,5,6,7,5,5,7,2,2,5,6,6,5,7,5,7,4,6,7,5,7,20,0,3,2,3,5,5,5,3,4,5,5,4,4,5,4,5,4,5,4,5,4,5,4,5,32,2,3,2
78,4,6,7,5,6,5,7,5,6,4,6,7,5,4,6,5,7,7,5,6,4,7,5,5,6,3,2,6,6,5,6,4,6,5,7,6,4,5,7,23,0,2,8,6,4,5,5,6,4,5,5,4,5,6,5,6,4,5,6,5,4,5,6,5,32,2,3,2
79,7,7,7,6,7,6,7,7,6,6,5,6,6,7,7,6,6,2,2,6,2,2,2,2,2,6,6,2,2,5,5,6,6,5,5,5,6,6,6,22,1,3,6,2,2,2,2,2,6,7,2,2,1,2,2,2,1,1,2,2,2,2,1,2,28,2,3,2
80,7,5,7,6,4,5,7,5,6,5,7,6,4,5,7,6,7,7,6,7,5,7,6,6,7,3,2,6,5,7,5,6,4,7,5,6,4,7,5,34,0,2,5,5,3,4,5,3,4,5,4,3,4,5,4,3,4,5,3,4,5,4,3,4,28,2,3,2
81,7,7,7,5,7,5,6,7,6,5,5,7,7,7,7,7,7,7,7,1,7,7,6,7,6,1,1,6,6,6,7,6,7,6,6,7,7,7,7,28,0,2,6,6,7,7,6,7,2,1,6,6,7,6,6,6,7,6,6,6,6,7,6,6,28,2,3,2
82,4,5,4,5,4,5,4,5,5,4,5,5,4,5,4,5,4,5,6,5,6,6,6,5,6,3,3,6,5,6,5,5,6,5,6,5,6,6,6,28,0,2,5,2,2,2,3,2,6,6,3,2,2,3,1,1,2,2,1,2,2,2,2,1,29,2,3,2
83,4,5,4,5,4,5,4,5,4,5,4,5,4,5,4,5,4,6,7,7,7,6,6,5,5,3,3,5,5,6,5,6,6,5,6,6,6,6,5,36,0,2,4,5,5,5,5,4,2,2,4,5,4,5,5,4,5,4,4,5,5,5,5,4,29,2,3,2
84,3,4,3,4,3,4,3,4,4,4,5,4,5,4,4,5,4,6,6,6,5,5,5,5,5,2,2,5,6,6,5,6,5,6,5,6,5,6,5,26,0,2,4,4,5,4,5,3,4,4,4,4,3,4,4,3,4,3,3,4,4,4,3,3,29,2,3,2
85,3,4,6,2,3,6,4,6,3,6,5,3,7,2,5,3,5,5,4,2,3,3,6,2,4,3,2,4,3,2,4,3,4,2,4,3,5,3,4,26,1,3,7,4,5,6,5,5,6,6,5,4,5,6,5,5,5,6,5,5,4,5,6,5,30,1,4,2
86,7,5,6,3,5,6,4,6,4,4,6,5,6,4,7,6,5,7,5,6,4,5,7,7,5,1,3,6,5,6,7,4,7,5,6,6,7,6,7,28,1,2,8,5,6,6,5,6,7,6,7,5,5,6,5,7,6,6,7,4,5,4,5,4,30,1,4,2
87,7,5,6,5,5,6,6,5,5,6,6,5,4,6,5,4,6,1,2,6,2,2,2,2,2,5,6,3,2,6,5,6,4,5,4,7,5,3,5,22,0,2,6,3,2,2,2,3,6,7,2,2,3,3,1,2,2,3,1,3,2,2,2,3,30,1,4,2
88,2,1,2,1,2,1,2,2,2,2,2,2,2,1,2,1,1,1,1,6,2,2,2,1,1,6,6,1,2,2,1,2,2,1,1,2,2,3,2,25,1,3,5,1,1,1,2,2,7,7,2,1,1,2,2,1,1,2,2,1,1,1,2,2,26,2,2,2
89,4,3,4,3,4,3,5,4,5,4,3,5,3,5,4,5,3,6,5,6,6,6,7,4,5,5,5,4,5,6,5,6,5,6,5,6,5,6,5,23,0,2,6,5,5,5,6,5,5,3,6,6,4,5,6,5,5,6,4,5,6,5,6,6,26,2,2,2
90,7,5,5,5,7,6,5,6,5,6,6,6,6,5,5,5,5,6,6,6,4,4,5,4,5,4,5,4,5,5,4,4,5,4,4,7,7,4,5,26,1,2,6,5,6,6,5,4,2,2,5,5,6,5,5,4,6,4,5,5,5,6,5,5,26,2,2,2
91,7,7,6,6,7,5,6,7,6,6,6,7,7,7,7,6,6,2,2,6,1,6,4,4,5,5,6,1,2,3,5,4,6,5,5,5,5,6,6,28,0,2,5,2,1,2,3,1,7,7,2,1,2,2,3,2,2,1,2,2,2,1,3,2,40,1,5,3
92,2,2,1,1,2,1,3,2,2,2,1,1,1,1,1,2,1,2,1,6,3,3,2,2,1,7,7,2,1,2,1,2,2,1,2,3,1,2,2,33,1,2,10,2,3,3,3,1,7,6,2,2,1,2,2,3,2,2,2,3,2,2,1,1,40,1,5,3
93,7,6,6,7,7,7,7,7,6,6,7,7,7,7,6,7,7,2,4,7,2,3,5,3,3,6,5,1,2,6,6,7,6,6,6,7,7,6,6,30,1,2,7,2,4,2,3,2,7,7,2,1,2,2,4,2,2,1,2,2,2,3,2,2,40,1,5,3
94,5,4,6,5,4,6,5,6,4,6,5,5,6,5,6,5,5,4,4,5,4,3,4,3,4,4,4,4,4,5,6,6,5,5,4,5,5,4,3,29,1,2,7,5,5,4,4,5,4,6,3,4,4,5,4,4,3,4,4,4,5,4,4,4,40,1,5,3
95,2,2,1,1,2,2,3,2,5,5,6,6,6,5,5,6,5,2,2,7,2,5,7,6,6,6,6,1,1,3,4,4,3,3,4,4,3,3,4,24,1,2,5,2,2,2,2,1,7,7,1,1,1,1,1,1,1,1,1,1,1,1,1,1,35,1,5,3
96,2,2,2,2,2,2,2,2,2,2,1,2,2,2,2,2,2,2,2,6,2,2,2,2,2,6,7,2,4,2,2,1,2,2,2,2,1,2,2,26,1,3,7,3,2,2,2,3,6,7,2,2,1,2,2,2,2,2,1,2,2,2,2,2,35,1,5,3
97,5,4,5,4,5,4,5,4,5,4,6,5,4,5,6,4,5,5,4,4,5,5,4,5,4,3,4,5,4,5,4,5,4,5,4,5,4,3,5,29,0,1,3,5,4,4,4,5,3,3,3,4,4,5,5,4,4,3,3,3,4,4,4,4,35,1,5,3
98,4,3,5,4,5,4,3,5,4,3,5,4,3,5,4,3,4,5,6,5,4,5,6,6,5,5,6,5,6,4,5,6,5,4,5,6,5,4,5,23,0,2,5,5,5,4,5,3,4,4,3,4,3,4,4,3,4,2,4,4,4,4,4,3,42,2,7,3
99,4,5,4,5,4,5,4,5,4,5,4,5,4,5,5,5,4,5,4,4,5,3,4,4,5,4,5,4,5,5,4,3,5,4,3,5,3,4,5,28,1,2,7,4,4,4,4,4,4,4,3,3,3,3,3,3,4,4,4,4,4,3,3,4,42,2,7,3
100,5,6,7,6,7,7,7,7,6,7,7,6,7,6,7,6,7,6,6,4,5,6,6,5,6,3,3,6,6,6,7,7,6,6,6,7,7,6,6,22,1,3,6,4,4,4,5,5,4,4,4,4,5,4,3,4,5,5,4,3,4,4,5,5,42,2,7,3
101,4,5,5,1,6,5,7,7,4,3,2,5,4,4,2,5,5,4,6,5,5,6,3,4,4,3,2,2,4,4,5,6,4,4,2,2,4,4,4,25,0,3,4,5,4,4,5,4,3,2,5,4,3,3,4,5,5,4,4,6,5,6,5,4,30,2,12,3
102,4,3,5,4,5,5,3,7,4,4,3,3,5,2,4,3,5,5,5,6,4,3,3,7,6,4,4,3,3,6,5,7,4,4,4,5,6,4,5,19,0,2,2,5,4,4,5,4,3,2,5,4,3,3,4,5,4,5,5,4,5,6,5,4,30,2,12,3
103,6,7,6,5,6,7,6,7,6,5,6,7,6,5,7,6,7,5,6,5,6,7,6,1,2,1,4,7,6,5,4,3,3,2,1,2,6,5,7,20,0,3,3,5,3,6,3,6,4,2,5,1,4,4,2,3,1,7,3,5,2,7,1,3,30,2,12,3
104,6,6,6,7,7,7,7,7,6,5,5,5,5,2,2,1,1,6,6,6,6,6,6,5,5,5,6,6,6,6,7,7,7,6,6,5,4,4,5,21,0,3,8,7,5,6,7,6,7,7,2,5,7,7,6,5,7,6,7,6,5,6,7,7,22,2,3,3
105,6,6,6,6,6,6,7,7,7,6,7,7,7,7,6,6,7,6,7,6,6,5,5,6,7,6,6,6,6,6,7,7,7,5,6,6,6,6,6,18,0,3,4,5,4,2,1,2,4,3,2,3,4,4,2,3,4,4,6,5,7,4,3,3,22,2,3,3
106,4,3,5,2,5,5,3,3,4,4,3,4,3,4,3,6,4,5,6,4,2,1,4,5,3,5,6,6,3,2,6,7,7,2,6,5,6,7,5,20,0,3,9,3,4,6,5,6,4,5,5,5,4,4,4,3,4,4,5,5,5,5,4,4,22,2,3,3
107,4,4,3,4,3,5,1,4,1,3,3,4,4,4,1,4,4,7,5,4,6,7,7,7,6,5,6,5,5,4,5,6,5,4,5,6,6,5,5,21,0,3,8,5,3,3,2,3,3,4,4,3,2,1,1,3,3,2,2,3,5,5,6,6,24,2,5,3
108,2,6,6,6,6,6,6,3,4,4,4,5,5,5,4,3,4,7,7,1,4,4,6,7,7,1,4,4,4,7,7,7,7,7,4,4,4,4,5,18,0,3,7,5,4,6,4,6,5,5,4,4,4,5,4,6,4,5,4,4,5,4,5,4,24,2,5,3
109,3,4,5,3,5,7,1,4,5,6,4,3,3,4,3,4,6,4,5,2,4,3,2,5,6,4,6,4,4,4,4,6,6,4,6,4,4,6,4,22,0,3,8,4,5,4,5,4,5,4,4,4,5,4,5,5,4,5,4,5,4,5,6,5,24,2,5,3
110,6,7,7,7,7,7,6,7,6,7,7,6,5,7,6,7,7,7,6,5,7,7,6,7,7,5,4,5,4,4,4,4,7,1,7,7,7,7,7,20,0,3,8,4,6,4,4,4,3,3,5,4,4,4,3,4,4,2,2,3,2,3,3,3,26,1,5,3
111,5,5,6,2,5,6,5,5,4,4,4,6,5,6,5,6,5,6,6,4,6,5,5,5,6,2,4,3,5,6,6,6,6,6,3,4,7,7,6,20,0,3,10,5,5,6,6,6,6,6,6,6,6,6,7,7,7,5,6,6,6,5,5,5,26,1,5,3
112,1,2,1,1,3,5,4,4,4,4,3,3,2,3,6,6,3,6,6,7,6,4,3,5,5,6,5,5,5,1,1,1,2,2,2,1,1,1,4,20,0,3,5,6,4,5,5,6,5,5,5,6,6,5,4,5,4,4,5,6,6,3,5,4,26,1,5,3
113,5,6,7,2,3,5,5,6,2,5,4,5,6,5,2,5,4,7,6,4,5,6,4,3,4,3,4,3,4,5,4,5,4,4,5,1,1,3,2,23,0,3,6,5,4,4,5,4,3,2,5,4,3,3,4,5,4,5,5,4,5,6,5,4,26,1,5,3
114,7,7,6,6,7,6,7,5,7,7,4,2,1,1,2,1,1,7,7,6,3,5,7,5,4,4,2,5,5,7,6,4,6,3,4,6,6,5,5,18,0,2,1,5,5,4,3,5,3,3,4,4,3,5,5,4,3,6,6,4,3,4,5,4,26,1,5,3
115,4,5,1,2,4,4,5,4,4,3,5,5,5,4,4,4,3,4,4,5,4,5,4,4,5,3,4,4,4,4,4,4,5,4,5,5,4,5,4,18,0,3,5,4,4,4,4,4,4,4,4,4,4,7,7,7,7,7,7,7,4,4,4,4,24,2,7,3
116,3,4,3,1,5,3,4,4,4,3,4,5,4,4,5,5,4,5,5,2,4,5,5,5,4,3,3,5,4,4,4,3,4,3,3,4,4,3,4,18,0,3,5,4,6,6,5,5,6,5,4,4,4,5,5,5,4,6,4,3,4,5,4,5,24,2,7,3
117,5,5,6,6,7,7,6,7,5,6,5,6,7,7,7,6,5,3,2,5,6,6,2,5,4,5,5,3,2,4,6,7,5,1,4,4,6,3,2,23,0,3,4,1,2,1,2,6,1,2,4,3,2,1,1,1,1,2,2,2,2,3,3,4,24,2,7,3
118,6,5,7,4,5,6,7,7,5,5,5,5,7,3,3,3,4,7,7,5,7,6,2,4,5,5,3,3,6,2,6,4,6,3,5,6,3,5,1,21,0,3,4,6,6,6,6,5,5,3,2,3,3,3,3,3,4,3,2,2,2,2,4,5,21,2,1,3
119,5,5,6,6,6,5,5,5,5,4,5,5,6,6,6,5,5,4,5,5,5,6,6,4,6,4,6,7,7,6,4,6,4,5,6,4,5,4,5,19,0,3,10,6,5,5,4,6,4,5,5,7,6,6,5,4,6,6,7,6,6,7,5,6,21,2,1,3
120,4,5,3,2,5,4,1,4,1,3,2,3,4,1,3,4,3,6,6,3,3,7,4,1,4,3,4,3,4,6,6,6,6,4,5,4,5,6,6,23,0,3,1,6,4,6,7,6,5,7,6,5,4,3,6,6,5,6,3,5,6,4,6,5,21,2,1,3
121,5,4,4,2,5,3,4,4,6,5,7,4,4,3,2,3,4,5,5,6,7,4,5,3,7,1,5,5,4,2,5,3,7,5,7,5,6,1,4,24,0,3,9,5,5,4,5,4,6,5,4,5,5,5,4,4,4,5,6,5,5,5,6,5,21,2,1,3
122,5,5,6,4,4,5,5,5,4,3,3,3,4,4,3,4,5,5,4,4,3,5,5,5,5,3,3,4,3,3,4,2,3,4,4,3,4,5,3,21,0,3,2,6,4,4,4,3,5,6,4,5,5,5,5,4,6,6,4,6,5,5,5,6,36,1,14,3
123,4,5,4,3,4,4,4,3,2,2,2,3,3,2,4,3,4,5,6,3,6,3,2,4,2,2,3,5,4,4,5,4,5,3,2,4,6,5,6,19,0,3,5,3,4,2,4,1,3,1,2,4,3,5,7,4,6,4,5,4,4,4,3,4,36,1,14,3
124,5,3,4,5,5,6,5,5,4,4,4,5,6,6,4,5,5,5,5,5,4,7,6,6,6,2,2,4,4,6,4,4,5,3,3,4,5,3,5,22,0,3,6,2,4,5,5,3,2,2,4,4,4,3,4,3,2,3,4,3,4,3,2,3,36,1,14,3
125,5,7,7,7,7,7,7,7,7,6,6,5,6,5,6,7,7,6,6,6,5,6,7,4,5,4,5,4,3,4,4,4,5,3,4,5,3,4,5,20,0,3,7,6,6,4,6,4,5,5,5,5,5,4,6,6,4,5,3,5,4,5,5,6,25,2,7,3
126,7,6,7,2,3,1,3,4,5,3,5,4,5,4,5,4,5,5,5,5,4,5,4,5,5,5,4,4,4,4,3,4,3,4,3,4,3,4,5,19,0,3,6,3,1,1,1,1,7,7,4,5,4,1,1,1,3,3,2,2,4,4,4,2,25,2,7,3
127,5,5,5,3,3,4,5,4,4,4,4,3,3,5,4,3,4,5,5,5,5,4,5,5,5,4,4,5,5,4,4,4,4,5,3,3,4,4,4,19,0,3,8,4,4,3,5,3,3,4,3,3,3,4,5,5,4,6,6,7,7,6,4,3,25,2,7,3
128,4,3,4,3,5,2,1,7,5,5,5,5,6,5,3,4,2,6,6,1,4,6,1,2,4,2,4,4,5,4,5,4,6,2,6,5,6,4,4,21,0,3,9,5,4,5,5,4,3,2,4,3,4,4,3,2,3,5,4,4,5,3,3,4,27,2,6,3
129,4,2,4,3,4,2,1,2,4,4,4,3,4,4,5,6,6,4,6,2,4,2,7,7,7,5,2,4,6,7,4,7,7,4,7,6,5,1,5,18,0,3,8,7,6,5,5,4,3,4,3,4,3,5,5,4,4,3,3,3,4,3,4,4,27,2,6,3
130,4,6,6,4,5,4,4,5,6,6,5,4,4,4,2,4,5,7,7,6,7,5,7,7,6,4,5,4,6,4,6,5,5,6,5,6,5,6,4,18,0,3,4,5,5,5,5,5,5,5,4,4,3,3,2,1,1,1,2,1,2,2,2,5,27,2,6,3
131,4,4,4,4,5,4,5,5,5,5,5,5,5,5,4,5,5,6,6,5,6,5,6,6,7,3,5,4,5,5,6,7,7,7,5,5,6,7,5,22,0,3,9,6,6,6,7,7,4,4,5,4,3,4,5,5,5,6,4,5,5,6,5,6,25,2,5,3
132,7,4,3,4,4,4,3,4,1,7,3,1,3,2,1,4,6,7,7,1,6,4,3,7,7,1,4,7,3,4,6,7,7,6,3,4,7,4,4,18,0,3,6,6,5,4,5,3,5,5,4,2,5,3,4,4,3,4,3,6,4,5,4,6,25,2,5,3
133,3,3,4,3,4,5,5,5,4,3,3,4,4,3,3,3,4,3,4,5,5,4,4,4,4,4,3,2,3,7,6,7,7,5,4,6,7,7,5,18,0,3,6,4,3,2,5,3,4,2,4,4,4,5,3,3,2,4,6,3,5,5,5,3,25,2,5,3
134,5,3,3,1,5,2,4,4,5,4,4,4,4,4,3,3,4,7,7,4,5,7,7,6,6,1,4,4,6,4,4,4,4,6,4,6,4,4,5,26,0,3,5,6,5,3,4,4,3,3,4,4,5,3,3,3,3,4,4,5,4,5,4,4,22,2,4,3
135,6,6,6,7,7,6,6,6,5,6,5,5,5,5,6,6,5,3,6,5,6,6,6,4,7,7,4,3,4,4,6,4,4,5,6,4,4,4,6,17,0,3,10,6,5,4,5,4,4,4,3,4,5,5,4,5,5,5,4,5,5,5,4,5,22,2,4,3
136,4,5,3,1,2,3,5,5,1,2,1,1,1,2,2,4,3,6,6,3,3,7,4,1,5,3,4,3,4,6,6,6,6,4,5,4,5,6,6,18,0,3,3,5,6,7,6,4,4,2,4,5,4,6,3,2,5,5,4,4,5,3,1,2,22,2,4,3
137,4,3,3,1,1,3,4,1,1,1,1,4,4,4,1,4,3,5,5,4,3,3,4,4,5,6,6,4,4,4,4,4,5,4,4,4,5,3,3,18,0,3,8,3,2,4,6,6,6,5,6,5,5,6,6,5,7,6,6,7,6,7,6,6,22,2,4,3
138,4,4,4,1,5,7,7,7,4,4,4,1,7,7,7,7,7,4,7,3,6,7,6,7,7,5,4,2,6,6,4,6,7,5,6,7,7,5,4,19,0,3,3,7,6,7,6,4,4,3,6,6,4,5,6,5,5,6,7,6,5,6,6,6,28,1,7,4
139,4,5,4,3,2,1,4,4,3,2,2,3,3,4,2,5,4,4,6,5,4,6,6,6,6,5,5,4,6,5,4,4,6,4,4,4,6,6,4,18,0,3,8,4,5,6,5,7,6,6,4,5,4,5,6,5,5,5,5,6,5,7,5,5,28,1,7,4
140,7,4,4,4,4,7,5,6,2,1,1,2,4,2,7,3,5,5,5,4,4,7,1,7,6,6,4,4,6,2,4,5,4,3,5,6,4,4,4,18,0,3,8,5,6,5,6,6,5,6,5,4,5,6,5,6,5,7,7,5,6,6,5,6,28,1,7,4
141,4,4,2,1,4,2,3,3,1,1,1,1,2,3,3,5,4,4,5,4,5,4,4,4,4,4,4,4,4,4,4,4,3,3,4,4,4,4,4,17,0,3,10,3,4,4,4,5,4,7,4,3,3,5,6,4,4,5,5,5,7,4,4,1,28,1,7,4
142,3,1,2,1,3,3,3,3,4,3,4,4,4,4,3,5,4,6,6,3,4,4,4,4,4,3,3,4,4,3,3,4,4,3,4,3,4,4,3,18,0,3,7,6,4,3,3,4,4,5,2,2,3,3,2,2,5,5,4,4,6,6,5,5,27,2,9,3
143,4,3,4,6,4,3,4,7,7,4,4,7,7,4,6,7,7,7,7,1,4,2,4,7,7,4,4,4,4,7,7,7,7,6,6,4,7,4,4,18,0,3,7,4,3,4,5,5,4,3,4,4,5,5,6,6,4,4,5,3,2,3,4,4,27,2,9,3
144,5,5,5,1,5,5,6,4,4,3,5,4,4,3,4,4,5,4,4,4,7,4,5,4,5,5,4,4,4,5,4,5,4,3,4,4,5,4,4,18,0,3,8,4,6,5,4,4,5,5,2,4,5,4,4,6,6,4,5,4,2,2,3,3,27,2,9,3
145,4,3,2,1,4,3,1,1,4,4,2,4,4,1,3,4,4,4,5,3,4,4,4,4,4,5,5,3,5,5,4,5,4,3,3,4,5,6,4,19,0,3,8,3,5,6,6,4,4,6,4,5,4,6,4,5,6,4,5,3,2,4,3,4,25,2,7,3
146,3,4,6,6,5,7,7,5,3,2,2,6,5,4,5,7,6,7,7,7,4,4,4,4,7,1,4,4,4,5,4,5,6,7,6,5,4,5,4,18,0,3,7,6,6,5,4,4,5,4,2,3,4,4,5,6,7,5,6,6,5,4,4,5,25,2,7,3
147,4,3,4,4,3,5,4,3,4,3,5,3,7,1,3,5,7,5,6,6,5,5,5,4,4,5,4,4,4,5,4,5,4,5,6,4,4,5,4,19,0,3,8,4,4,4,4,5,5,4,5,4,5,5,5,5,4,4,4,5,5,4,5,5,25,2,7,3
148,7,5,6,4,4,4,4,3,4,4,4,5,5,5,4,4,6,7,6,1,5,4,5,5,5,1,2,2,4,7,7,7,7,5,7,6,7,7,7,20,0,3,8,6,6,6,6,4,3,2,6,6,6,6,6,4,5,5,4,6,5,6,6,6,27,2,10,3
149,4,1,4,1,2,3,3,3,7,7,7,7,7,7,3,4,2,6,6,5,6,6,7,7,7,4,1,3,5,5,7,7,6,5,6,6,6,5,6,19,0,3,8,6,7,7,6,4,5,2,6,6,6,6,5,5,4,5,4,6,5,5,5,4,27,2,10,3
150,2,1,1,1,2,4,5,5,3,3,2,5,5,5,3,5,3,7,7,4,4,4,3,4,4,6,4,4,4,6,4,6,4,3,3,3,6,3,4,18,0,3,9,4,4,5,5,5,4,3,4,4,4,4,3,3,3,3,3,4,4,3,4,4,27,2,10,3
151,3,1,2,1,1,1,1,1,1,1,1,1,1,1,1,1,1,5,4,3,5,5,5,7,6,6,7,1,4,6,4,2,3,1,2,4,5,6,4,21,0,3,3,4,3,2,4,2,5,4,3,3,3,4,3,4,4,4,3,2,4,3,4,3,27,2,10,3
152,2,2,3,2,4,4,4,3,1,1,2,2,2,3,2,2,4,5,4,4,4,4,2,4,6,4,4,4,3,5,4,2,5,3,5,4,4,1,1,19,0,3,8,5,5,5,6,4,3,3,4,5,4,5,6,5,6,6,6,4,5,4,4,4,26,2,6,3
153,4,4,3,3,5,5,4,4,3,3,3,3,4,4,4,4,5,4,6,4,6,4,5,5,6,3,3,4,4,4,3,7,6,5,6,7,6,5,4,20,0,3,8,6,7,6,7,4,3,2,5,5,5,5,5,5,4,5,4,6,6,7,7,7,25,2,6,3
154,4,6,5,6,7,7,7,7,7,6,7,7,6,7,6,7,6,4,5,5,5,5,4,4,4,3,3,4,5,6,6,5,6,5,4,7,6,5,6,19,0,3,8,3,1,5,6,6,6,4,4,4,5,5,6,5,6,6,7,6,3,2,1,2,25,2,6,3
155,7,7,7,7,7,7,7,7,7,3,3,6,5,6,5,7,6,1,4,2,2,3,1,1,2,5,5,3,2,5,6,6,5,5,6,5,5,4,5,20,0,3,8,4,4,5,5,5,6,4,4,3,4,5,4,5,4,2,2,4,4,5,6,5,25,2,6,3
156,4,5,5,3,4,6,3,5,4,2,3,3,4,5,4,3,2,6,5,6,4,5,3,5,4,3,2,3,4,4,4,5,3,2,3,3,4,4,4,18,0,2,3,5,5,3,3,2,5,4,3,4,4,5,5,3,3,2,4,5,3,4,5,6,24,2,3,3
157,5,6,4,4,3,3,4,4,4,5,6,6,7,7,4,4,4,4,4,4,4,4,4,5,5,4,5,4,4,5,5,5,5,4,4,4,5,4,4,16,0,3,3,5,6,6,3,2,4,5,5,5,4,5,3,5,3,4,6,5,3,5,4,4,24,2,3,3
158,4,1,2,1,1,1,1,1,1,1,1,1,1,1,1,4,2,4,5,1,5,4,4,4,6,3,4,2,4,4,4,7,6,5,7,5,5,3,3,19,0,3,9,3,4,3,2,4,3,2,4,4,3,4,3,4,3,2,3,4,2,3,4,2,24,2,3,3
159,1,1,1,2,1,2,2,1,1,1,1,1,2,1,1,4,2,6,4,3,5,7,4,7,6,4,5,3,5,5,6,4,6,6,4,5,7,6,6,17,0,3,8,4,3,2,3,4,2,3,4,4,4,4,4,3,3,4,3,3,4,2,3,3,24,2,3,3
160,4,4,3,2,2,2,4,2,1,1,1,1,3,1,1,1,1,4,5,5,3,5,5,5,5,4,4,4,5,4,3,6,5,3,5,4,6,4,3,23,0,3,4,2,3,2,3,1,2,2,2,3,4,3,4,3,2,3,3,3,2,2,2,3,24,2,3,3
161,4,4,5,6,5,5,4,7,7,4,4,5,5,5,6,7,7,4,3,5,6,3,6,4,6,3,4,2,3,5,4,4,5,4,3,5,4,4,4,19,0,3,8,6,6,6,6,6,4,3,6,6,6,5,7,6,4,6,5,6,6,5,4,7,28,1,9,3
162,7,6,7,1,7,7,7,7,4,1,1,5,4,6,7,7,7,1,3,4,4,3,3,7,6,6,7,7,1,3,2,3,1,4,6,6,5,7,7,17,0,3,8,6,5,4,4,5,3,4,4,4,3,4,4,5,4,6,5,6,4,4,4,5,28,1,9,3
163,4,5,6,5,5,4,4,4,3,3,4,4,5,5,4,4,5,6,5,2,4,4,5,6,6,2,2,4,6,6,4,4,5,3,3,6,7,6,4,20,0,3,4,4,4,4,5,4,5,3,3,3,3,4,4,4,3,4,4,4,3,4,4,4,28,1,9,3
164,4,4,4,4,4,1,4,4,4,4,4,6,6,6,4,4,1,7,7,7,7,1,4,4,4,1,1,1,1,7,4,7,7,4,1,1,6,1,1,17,0,3,2,2,4,3,3,4,4,3,4,3,3,3,4,4,3,5,4,4,2,4,3,4,25,1,6,3
165,4,4,4,4,5,5,5,5,5,4,3,5,5,5,5,5,5,5,4,3,4,4,4,4,4,3,4,4,4,5,5,5,5,5,5,3,6,5,4,19,0,3,9,5,5,3,3,4,4,3,4,4,4,3,3,4,4,5,4,5,4,5,4,4,25,1,6,3
166,5,3,4,4,4,4,4,3,1,2,3,4,3,3,4,6,5,6,7,5,6,6,4,7,6,2,4,5,6,6,5,7,6,5,4,5,6,6,5,24,0,3,3,4,5,4,4,5,4,1,5,5,6,5,6,5,6,4,4,4,4,4,5,5,25,1,6,3
167,5,5,5,4,4,3,4,2,7,6,4,7,6,6,7,7,7,4,6,6,6,2,4,6,7,6,4,6,4,5,4,5,6,5,4,6,6,5,6,18,0,3,10,6,6,5,5,5,1,1,5,5,6,5,6,7,6,6,6,5,6,5,6,5,25,1,6,3
168,5,7,4,4,7,6,5,6,6,7,7,5,5,5,5,6,7,6,6,5,5,4,4,6,6,5,7,7,5,7,6,6,6,4,2,7,7,7,2,19,0,3,3,4,5,4,5,4,3,4,4,5,3,4,4,5,6,5,4,5,4,5,6,4,28,1,5,3
169,7,7,7,7,7,7,5,6,5,6,4,5,3,6,7,5,7,5,4,4,5,6,6,6,6,6,5,4,4,5,4,5,5,4,7,5,7,6,4,19,0,3,10,1,5,5,5,5,6,6,4,1,2,1,2,1,1,1,1,2,2,4,3,2,28,1,5,3
170,5,5,5,4,4,3,4,2,7,6,4,7,6,6,7,7,7,4,6,6,6,2,4,6,7,6,4,6,4,5,4,5,6,5,4,6,6,5,6,18,0,3,7,5,4,4,4,3,1,4,4,4,5,3,4,4,3,4,5,2,3,4,5,6,28,1,5,3
171,6,6,5,4,5,5,3,4,7,7,7,5,6,5,4,6,5,7,6,2,7,4,5,7,7,2,5,6,6,6,7,7,6,7,5,5,6,4,5,24,0,4,9,5,6,5,5,4,4,3,4,5,4,4,5,6,4,5,6,4,4,6,5,4,28,1,5,3
172,4,3,4,2,4,5,2,6,4,4,4,4,4,3,3,4,4,6,4,4,4,4,3,4,4,4,5,4,4,4,4,3,2,3,4,4,4,4,4,,0,4,4,6,6,5,5,4,5,4,4,5,3,3,5,5,4,5,6,5,5,6,5,5,28,1,5,3
173,4,3,4,3,3,4,3,3,4,5,3,1,1,1,2,4,4,6,5,3,6,5,4,5,5,3,5,4,4,5,5,4,5,4,4,4,5,4,4,22,0,4,11,5,6,4,5,3,4,4,5,4,4,5,6,7,4,6,6,5,5,6,5,6,29,1,5,4
174,5,5,5,5,6,4,6,7,5,6,7,6,6,7,6,7,6,6,6,3,6,5,5,5,5,2,2,5,3,6,5,7,5,6,6,5,7,7,6,24,0,4,8,5,5,5,6,5,2,2,6,6,5,6,5,5,4,5,6,3,5,4,3,3,29,1,5,4
175,5,5,3,5,7,7,7,7,5,4,4,3,3,4,6,7,6,6,6,4,6,4,4,5,6,2,2,4,3,5,7,7,7,6,6,3,6,6,5,23,1,4,9,3,3,4,5,5,5,4,4,5,5,5,4,5,5,4,4,4,3,3,3,2,29,1,5,4
176,5,4,4,4,5,5,4,2,4,4,4,5,5,4,2,5,2,6,6,1,2,4,4,4,4,2,2,4,4,4,6,4,4,5,5,5,6,6,6,25,1,4,4,4,5,5,5,5,6,4,5,3,4,5,6,6,4,5,5,6,5,3,5,6,29,1,5,4
177,7,7,7,7,4,4,5,4,4,7,6,4,4,4,4,5,4,5,5,4,4,5,4,6,5,2,2,5,5,5,5,6,5,7,5,4,5,7,4,21,1,4,4,7,5,6,5,4,4,3,4,3,5,6,3,5,6,7,4,6,7,5,6,4,29,1,5,4
178,6,6,5,5,4,4,4,5,6,6,6,6,5,4,4,6,6,6,6,3,6,5,5,6,7,3,1,7,7,3,6,7,4,6,5,4,5,6,4,22,1,4,4,5,4,6,5,3,4,5,4,5,5,3,4,5,4,5,6,5,6,5,5,6,29,1,5,4
179,4,5,4,3,5,3,5,5,5,4,4,4,3,4,4,5,4,5,4,4,4,4,4,4,4,4,2,4,4,5,4,4,5,6,6,6,5,5,4,22,0,4,10,5,6,6,6,5,3,4,5,2,5,2,4,3,5,2,5,6,6,5,5,5,29,1,5,4
180,6,6,5,4,5,3,4,5,3,4,2,3,4,4,4,5,4,5,7,4,6,5,4,4,5,3,2,4,4,4,4,7,4,4,4,3,5,4,4,25,0,4,8,6,7,6,6,5,4,2,3,7,5,5,6,3,3,5,5,4,6,6,5,6,25,1,3,4
181,6,6,6,6,4,3,4,2,3,3,3,3,4,4,4,5,5,7,7,2,5,6,2,6,6,2,4,4,5,5,5,6,5,6,6,6,6,7,5,23,1,4,8,5,5,4,5,3,4,2,5,3,4,3,4,3,3,3,3,3,5,5,4,3,25,1,3,4
182,5,5,4,4,6,4,5,4,6,6,6,4,4,5,4,5,5,6,6,3,5,4,3,6,4,4,5,4,4,4,4,4,4,4,4,4,4,4,4,22,1,4,9,5,5,4,6,4,3,2,6,3,4,4,5,4,3,5,5,5,5,5,5,4,25,1,3,4
183,5,4,4,3,6,6,5,5,4,6,5,5,4,4,3,3,4,5,5,4,3,6,5,3,5,4,4,5,4,5,4,2,4,1,5,1,5,3,1,22,1,4,3,5,5,3,5,4,4,3,6,4,4,4,5,3,2,3,2,4,5,5,5,5,24,1,4,4
184,5,5,5,4,6,5,6,5,6,6,6,5,5,5,4,5,6,6,6,3,5,6,5,6,6,3,2,5,5,5,5,6,5,4,4,4,5,4,5,23,1,4,4,4,5,3,5,4,5,3,2,2,2,2,3,2,2,2,2,4,5,4,4,4,24,1,4,4
185,4,4,3,5,3,4,5,6,6,6,4,3,3,3,4,5,5,6,5,4,4,5,6,5,5,5,4,5,5,4,6,5,5,5,6,5,5,6,5,23,1,4,5,5,5,3,7,4,4,2,2,5,4,3,3,3,3,4,3,4,5,5,5,5,24,1,4,4
186,4,4,4,4,4,4,4,4,6,2,2,2,4,3,3,5,4,7,6,3,6,6,4,4,6,3,4,6,6,7,4,7,6,7,7,6,5,7,4,23,0,4,8,5,5,3,5,4,4,2,3,4,2,3,3,2,4,4,4,4,5,5,4,5,25,1,2,4
187,5,5,5,4,5,5,6,6,6,6,5,4,4,4,5,5,5,6,6,2,6,6,4,6,6,2,1,6,5,7,6,7,7,6,5,5,6,6,5,24,1,4,10,4,4,2,4,5,3,1,2,2,2,2,1,1,6,2,3,1,3,3,2,2,25,1,2,4
188,4,6,6,5,5,1,7,5,2,1,1,4,5,5,3,5,4,7,6,3,6,4,4,7,7,3,4,7,4,6,4,7,7,5,5,4,7,6,5,23,0,4,3,4,6,5,6,4,5,2,7,4,6,4,3,3,6,3,2,2,2,2,2,2,25,1,2,4
189,3,2,4,4,4,3,3,4,3,2,4,3,3,4,4,4,5,6,6,3,4,2,4,6,6,5,3,3,5,4,4,7,6,2,3,2,5,2,3,24,0,4,9,6,6,6,7,4,3,2,6,6,5,5,6,3,2,4,2,4,6,6,7,6,25,1,2,4
190,4,4,4,4,4,4,4,4,5,4,5,4,4,4,3,5,4,4,4,4,3,4,4,4,4,3,5,4,3,3,2,4,4,3,3,2,3,3,2,22,0,3,4,5,5,4,6,4,3,2,5,5,4,4,5,3,3,4,4,4,5,5,6,6,26,1,4,4
191,5,6,5,4,5,5,6,6,5,6,4,5,5,6,5,6,6,6,5,3,5,7,5,6,7,1,2,4,6,6,5,5,4,3,3,5,7,4,5,21,1,3,13,5,5,5,5,5,4,3,5,4,4,4,5,6,4,4,5,4,5,4,5,5,26,1,4,4
192,3,3,3,4,3,3,5,6,7,6,6,6,6,6,5,6,6,7,6,6,5,4,6,6,6,5,4,5,5,5,6,4,5,4,5,6,6,6,5,20,1,3,7,5,5,5,5,5,4,3,5,4,4,4,5,4,6,4,5,4,4,4,5,5,34,1,15,3
193,3,3,4,5,4,5,4,3,4,5,3,4,4,5,4,3,3,6,5,6,4,5,6,5,4,4,5,6,6,5,6,5,5,6,4,5,5,6,5,23,1,3,1,6,6,7,5,6,5,2,6,6,6,4,5,5,6,5,5,5,6,7,5,7,34,1,15,3
194,5,6,5,5,4,4,4,4,4,3,4,4,4,5,3,5,4,2,4,4,4,4,4,6,6,4,4,4,4,4,5,7,5,4,4,2,4,3,3,23,0,3,8,6,6,6,5,4,4,3,5,4,4,4,6,5,6,5,4,6,6,6,5,6,34,1,15,3
195,4,4,4,3,3,4,4,4,4,3,4,3,4,3,4,4,5,4,4,3,3,4,3,6,5,4,4,4,4,4,4,4,4,3,4,4,5,4,4,22,0,3,8,6,6,6,6,6,4,3,4,5,5,4,6,6,6,6,6,4,6,6,5,6,30,1,8,3
196,4,4,4,4,5,4,4,2,5,5,5,5,5,4,4,5,5,7,7,2,6,3,3,6,6,2,2,4,3,6,7,7,6,6,6,7,7,5,6,26,1,4,8,6,6,6,6,5,4,2,5,5,5,5,6,5,6,4,6,6,4,6,5,6,30,1,8,3
197,4,5,5,3,7,7,6,5,7,5,1,4,4,5,4,5,4,5,6,5,4,6,6,5,6,3,6,7,6,5,6,4,7,4,4,5,5,4,4,22,1,6,8,6,6,6,7,4,3,1,5,6,6,5,7,5,7,6,5,4,7,7,6,7,30,1,8,3
198,4,3,2,2,4,5,4,4,4,2,3,6,4,3,6,6,5,5,5,3,4,6,5,6,2,4,4,5,6,5,4,6,4,4,4,4,4,4,5,21,1,3,9,6,5,6,6,6,4,3,5,4,4,4,4,4,6,4,6,5,6,5,5,5,30,1,8,3
199,4,5,7,5,4,3,1,1,6,6,1,7,7,6,4,7,6,4,4,5,4,4,4,4,5,4,5,4,4,4,5,7,4,5,4,4,6,4,4,23,1,4,8,6,6,6,5,5,4,3,5,5,4,5,6,6,6,5,6,4,5,5,6,6,29,1,5,3
200,3,3,5,3,5,5,4,4,5,5,5,4,4,3,4,5,6,4,5,4,4,5,3,5,5,4,5,4,5,4,4,4,4,4,4,5,5,5,5,21,1,3,8,5,5,5,5,5,4,3,5,4,4,4,5,5,6,4,5,4,5,4,5,5,29,1,5,3
201,4,4,5,4,4,2,2,3,5,6,6,6,5,5,7,7,6,5,6,3,4,4,5,5,5,3,5,4,4,5,4,6,5,3,5,5,6,6,4,23,1,3,13,7,5,5,7,4,5,4,3,3,4,4,5,3,4,5,5,4,5,6,4,6,29,1,5,3
202,6,7,7,6,4,7,4,7,7,7,1,4,6,7,6,7,7,7,7,1,5,7,7,7,7,1,1,6,6,5,7,7,7,5,6,5,7,6,7,20,1,3,9,7,5,5,7,4,5,4,3,3,4,4,5,3,4,5,5,4,5,6,4,6,39,1,19,3
203,7,7,6,6,6,5,6,4,4,4,4,6,6,6,5,6,7,7,6,4,5,7,6,6,7,4,6,5,6,7,6,7,5,4,7,5,7,4,4,27,1,4,9,7,5,5,7,4,5,4,3,3,4,4,5,3,4,5,5,4,5,6,4,6,39,1,19,3
204,5,5,5,2,5,5,4,5,6,6,6,5,5,4,5,6,5,6,7,3,6,7,4,7,7,2,2,5,5,6,5,5,3,4,4,4,7,4,5,21,1,3,8,7,5,5,7,4,5,4,3,3,4,4,5,3,4,5,5,4,5,6,4,6,39,1,19,3
205,4,5,3,3,3,4,3,3,5,6,4,3,4,2,2,4,3,6,6,4,4,5,6,4,6,3,2,4,4,6,6,7,6,5,5,4,5,4,3,20,1,3,10,7,5,5,7,4,5,4,3,3,4,4,5,3,4,5,5,4,5,6,4,6,39,1,19,3
206,5,4,5,4,5,6,6,7,4,4,3,4,5,4,6,6,6,7,7,5,7,7,6,6,7,4,6,7,7,7,7,6,7,5,6,5,7,6,6,22,1,3,8,5,5,4,5,4,2,2,3,3,4,4,5,3,4,5,5,4,5,6,4,6,34,1,14,3
207,4,2,5,7,6,6,4,6,4,6,6,6,7,4,4,6,6,6,7,5,6,6,5,5,7,6,5,7,6,7,6,5,6,6,5,7,5,7,5,20,1,3,10,7,5,5,7,4,5,4,3,3,4,4,5,3,4,5,5,4,5,6,4,6,34,1,14,3
208,5,6,4,4,5,4,5,6,5,5,4,5,4,5,6,5,4,5,6,7,6,6,7,6,7,6,6,5,5,5,6,7,7,6,5,5,4,5,4,18,1,3,3,7,5,5,7,4,5,4,3,3,4,4,5,3,4,5,5,4,5,6,4,6,34,1,14,3
209,4,4,4,4,4,4,5,5,5,5,5,5,5,4,4,5,4,7,7,7,5,5,4,5,5,4,4,4,4,5,5,5,5,5,5,4,5,5,4,21,1,3,9,7,5,5,7,4,5,4,3,3,4,4,5,3,4,5,5,4,5,6,4,6,34,1,14,3
210,5,6,4,4,5,4,3,5,5,5,3,4,5,5,4,5,4,5,5,4,4,6,4,5,5,3,3,4,5,4,4,5,6,4,4,3,5,4,4,21,1,3,3,7,5,5,7,4,5,4,3,3,4,4,5,3,4,5,5,4,5,6,4,6,34,1,14,3
211,2,3,2,3,4,2,4,4,2,3,2,3,2,3,2,2,3,4,3,4,3,4,3,3,4,3,4,3,4,3,4,3,4,3,4,3,4,3,3,31,1,3,9,6,6,6,6,6,4,2,6,6,6,6,5,6,5,6,5,4,5,5,5,5,42,1,17,3
212,4,4,4,4,2,3,3,2,5,5,5,4,3,4,3,4,4,4,4,4,4,4,4,4,5,4,4,4,5,3,4,4,4,3,4,4,5,4,4,20,1,3,8,4,4,3,4,4,3,5,3,3,3,3,4,3,4,4,4,4,4,4,4,4,42,1,17,3
213,3,1,1,4,5,4,5,4,5,6,4,3,3,4,3,4,4,5,4,4,4,5,6,4,4,4,3,3,4,5,5,6,7,6,6,5,6,6,4,20,1,3,13,6,6,6,6,4,4,5,3,3,3,3,3,3,6,6,6,3,6,3,4,6,42,1,17,3
214,5,4,4,3,4,4,5,3,1,1,1,1,4,4,2,4,4,5,6,3,6,3,4,4,4,3,5,4,4,6,6,6,6,6,6,5,4,5,6,39,0,3,9,5,5,5,5,5,4,5,3,3,3,3,5,3,5,5,5,3,5,4,5,5,42,1,17,3
215,6,4,4,5,2,3,2,2,4,2,2,4,4,4,3,4,2,6,6,2,6,5,6,5,5,2,2,6,6,5,5,4,5,4,4,5,6,4,5,,1,3,9,6,7,6,7,4,4,3,6,6,6,5,5,5,7,6,7,5,5,6,4,6,44,1,22,3
216,5,4,4,3,4,4,5,3,1,1,1,1,4,4,2,4,4,5,6,3,6,3,4,4,4,3,5,4,4,6,6,6,6,6,6,5,6,5,4,34,0,4,9,4,4,4,4,4,3,4,5,4,4,4,5,4,4,5,4,4,4,4,4,3,44,1,22,3
217,6,7,7,7,7,5,5,5,4,4,4,4,4,4,4,4,3,4,5,5,4,6,4,4,3,4,4,3,4,7,5,6,4,7,5,5,5,5,4,52,1,3,15,6,6,6,7,4,4,3,6,6,6,5,6,5,7,5,6,5,6,6,5,5,44,1,22,3
218,7,4,5,4,2,4,3,4,6,2,2,4,5,7,4,5,6,7,4,5,4,5,4,3,5,4,4,5,4,7,6,5,5,3,4,3,4,5,4,21,1,3,9,6,6,6,6,5,3,3,4,3,5,4,5,4,6,5,6,4,5,4,4,6,44,1,22,3
219,7,7,7,5,6,2,3,5,7,7,1,3,6,5,3,7,7,6,6,2,6,6,6,6,5,4,4,5,6,7,7,7,5,5,5,7,6,4,3,47,1,3,9,5,5,5,5,4,4,5,5,3,3,3,4,3,5,4,5,3,4,3,4,4,40,1,17,3
220,4,4,4,4,4,4,4,4,4,4,4,4,4,4,4,4,4,4,4,5,4,5,4,6,5,4,4,4,4,4,4,4,5,4,4,4,4,4,4,35,1,3,9,5,5,3,5,5,5,3,5,3,3,3,5,5,5,3,5,3,5,3,3,5,40,1,17,3
221,4,4,4,4,4,4,4,4,4,4,4,4,4,4,4,4,4,4,4,4,4,4,4,4,4,4,4,4,4,5,4,4,4,4,4,4,4,4,4,47,1,3,9,6,6,5,5,4,5,5,5,3,5,3,5,4,6,4,6,4,6,6,5,6,40,1,17,3
222,4,4,4,3,3,3,4,3,3,3,3,3,4,4,2,6,4,5,5,3,4,4,5,5,4,4,2,4,6,4,4,5,4,4,4,4,3,4,4,21,1,3,9,6,6,6,6,4,4,6,6,3,5,3,3,4,6,5,6,5,6,4,5,6,46,1,23,3
223,4,4,4,4,4,4,4,4,4,4,4,4,4,4,4,4,4,4,4,4,4,6,4,6,5,4,4,4,4,4,4,5,4,4,4,4,4,4,4,,1,3,9,6,6,6,7,4,4,3,6,6,6,5,6,5,7,6,6,5,6,6,5,6,46,1,23,3
224,4,4,4,4,4,5,5,5,4,4,4,4,4,5,4,4,4,6,6,2,6,5,6,6,5,3,3,5,6,6,6,5,6,6,6,1,5,2,3,52,1,3,9,5,6,6,6,4,4,2,3,6,5,6,5,5,5,6,3,3,5,5,5,4,46,1,23,3
225,4,4,4,4,4,6,4,5,3,2,2,3,2,2,4,4,5,6,4,1,6,4,5,4,5,3,4,4,4,4,5,7,6,4,4,4,6,4,4,20,1,3,8,5,5,5,5,5,5,5,2,2,2,2,2,2,5,2,5,2,5,5,5,5,45,1,21,3
226,5,4,4,1,5,3,4,5,5,5,5,4,5,4,4,5,5,5,6,6,5,5,5,5,5,5,5,4,5,5,6,5,4,5,4,5,5,5,5,38,0,3,9,6,6,7,7,5,2,1,6,6,7,6,5,5,6,5,6,6,7,6,6,5,45,1,21,3
227,4,4,5,4,5,4,4,5,5,5,5,4,5,5,4,4,4,5,6,6,5,5,5,5,5,5,5,4,5,5,6,5,4,5,4,5,5,5,5,33,1,3,15,5,5,5,5,5,3,5,2,2,2,1,2,2,5,3,3,1,5,5,3,5,45,1,21,3
228,4,3,4,1,5,3,4,5,5,5,5,5,5,4,3,5,5,5,6,2,6,5,5,5,5,5,5,4,4,4,4,5,5,4,4,4,5,5,5,,1,,9,4,5,5,5,4,5,5,3,3,3,3,3,3,5,3,5,3,5,3,3,5,45,1,21,3
229,4,2,3,4,3,5,6,6,2,2,1,2,3,4,2,5,2,6,6,5,4,5,4,6,7,2,4,4,4,6,6,6,7,4,6,4,6,6,4,36,0,3,9,5,4,5,4,5,4,5,4,5,4,5,5,5,5,5,5,5,5,4,5,4,42,1,24,2
230,4,4,4,4,4,3,4,4,4,4,3,4,4,4,4,5,5,6,6,4,5,4,4,4,4,2,4,4,4,4,4,7,4,4,4,3,6,4,4,34,1,3,9,6,5,6,4,6,4,6,4,5,6,5,6,5,4,6,4,6,6,5,6,5,42,1,24,2
231,6,6,6,5,5,6,6,4,4,4,3,4,4,4,4,5,5,6,7,5,6,4,4,4,4,2,4,4,4,6,5,6,5,5,4,6,6,5,4,21,1,3,9,4,5,7,6,5,6,5,5,6,5,6,5,6,6,5,5,5,5,5,4,5,42,1,24,2
232,6,6,5,6,4,5,5,5,6,7,1,4,5,5,6,6,4,5,7,2,2,6,4,5,7,4,3,4,5,4,6,7,4,4,2,3,6,4,5,20,1,3,9,6,5,7,6,5,7,5,5,5,5,6,6,6,6,6,6,7,5,7,6,7,40,1,20,2
233,4,4,4,6,5,4,7,5,7,6,4,6,6,5,4,4,4,6,5,3,4,5,4,5,7,7,3,4,7,6,6,6,6,4,6,4,7,7,6,20,1,3,8,5,5,6,6,5,2,2,5,5,4,5,4,4,5,4,5,5,5,5,5,4,40,1,20,2
234,4,4,4,3,3,1,2,3,7,7,7,4,2,4,4,6,7,7,7,4,7,5,7,7,7,2,4,4,7,7,4,7,4,4,7,7,7,5,7,43,0,2,9,5,6,4,6,5,4,6,5,5,4,5,5,5,4,5,6,5,6,6,4,6,40,1,20,2
235,7,5,5,7,7,6,7,7,4,6,6,7,7,7,4,6,5,5,5,4,5,6,4,6,7,2,2,4,6,6,4,7,4,4,4,4,5,5,5,23,0,4,9,6,6,6,6,6,2,3,5,5,5,5,6,6,6,6,5,4,6,5,5,5,43,1,26,3
236,2,4,4,1,4,4,2,2,2,4,1,5,5,1,1,5,4,6,4,1,4,6,4,4,4,2,1,4,6,4,3,4,3,1,4,4,6,7,5,24,0,3,8,4,4,4,4,4,4,4,4,4,5,4,5,4,4,3,5,4,5,4,4,3,34,2,15,4
237,4,5,4,4,4,3,4,3,4,2,1,5,4,5,3,4,4,6,6,4,4,4,4,4,5,2,1,4,4,4,4,7,3,2,6,3,4,3,2,23,1,4,9,4,4,4,5,5,4,3,3,4,5,4,4,5,5,5,4,5,5,4,5,5,34,2,15,4
238,4,3,5,2,5,4,3,4,1,2,2,3,3,3,2,4,2,6,6,4,4,5,4,5,6,3,3,4,6,4,4,6,5,3,4,3,5,4,4,27,1,3,13,2,4,2,3,4,4,2,2,2,2,1,1,1,4,2,6,1,2,2,2,1,34,2,15,4
239,4,3,3,4,4,3,3,2,5,6,4,2,4,5,4,4,3,7,5,5,5,3,3,6,7,3,3,5,5,2,3,5,5,6,6,4,5,4,5,21,1,3,8,7,6,7,7,7,1,1,7,7,7,6,6,5,7,6,6,6,6,7,7,7,39,1,19,3
240,3,2,3,3,4,2,3,2,6,5,6,4,5,4,3,4,2,5,6,2,3,3,4,3,5,5,5,4,4,6,5,4,6,3,4,5,6,4,4,21,1,3,9,2,5,2,3,5,3,6,3,2,1,2,3,3,5,3,6,3,5,3,5,4,39,1,19,3
241,4,5,5,2,4,3,4,5,5,4,5,5,5,6,4,5,4,6,6,4,4,6,4,4,6,2,7,2,5,6,5,6,5,5,6,5,6,4,5,23,1,4,3,7,7,6,7,6,1,1,7,7,6,5,5,7,5,5,4,6,6,6,6,7,39,1,19,3
242,7,6,6,1,3,6,4,5,6,6,6,6,5,5,5,6,5,7,7,2,6,4,1,7,7,2,4,4,6,4,5,6,4,1,1,1,7,4,4,24,1,3,8,6,6,6,5,6,6,2,4,4,3,2,5,5,5,4,5,4,4,5,6,6,39,1,19,3
243,5,4,4,3,3,5,4,4,4,4,5,4,4,4,4,4,4,4,4,5,4,4,4,4,4,5,4,3,4,4,4,5,6,4,5,3,5,6,4,21,1,3,8,5,5,3,4,5,3,4,3,2,2,1,4,2,5,4,4,3,2,2,3,4,39,1,19,3
244,5,6,4,5,4,5,3,4,5,6,4,5,6,7,3,5,4,6,6,5,2,5,6,3,5,4,3,5,4,7,4,6,6,5,6,4,4,5,4,23,1,3,9,3,4,3,3,3,4,4,4,3,3,2,3,3,6,3,3,4,3,4,4,4,38,1,18,3
245,4,3,2,1,5,6,4,3,7,2,1,3,2,2,2,4,3,6,6,2,4,6,4,4,7,2,1,4,6,7,4,7,6,7,7,4,4,4,5,23,1,3,8,6,5,5,4,5,4,1,6,5,6,5,6,4,6,6,5,5,4,3,3,6,38,1,18,3
246,4,2,2,2,4,4,2,2,5,1,4,3,3,3,3,3,4,4,4,4,3,5,4,5,4,4,2,4,4,4,4,5,4,4,4,4,5,4,4,24,1,4,8,6,6,7,6,6,1,1,7,7,7,6,6,6,7,6,7,6,5,6,6,7,38,1,18,3
247,3,4,3,4,4,1,6,4,4,2,1,1,4,3,5,6,7,6,5,3,5,5,4,5,6,2,3,4,3,5,6,5,4,5,5,5,7,4,5,22,1,3,9,6,6,6,6,6,4,4,4,4,4,4,4,5,6,5,5,5,5,5,5,5,36,1,11,3
248,4,2,4,5,2,4,5,3,1,3,1,1,5,2,4,5,2,5,3,6,2,6,4,5,3,2,5,3,5,3,3,2,6,4,3,6,3,5,6,22,1,3,13,5,6,6,6,6,4,3,5,5,4,4,4,5,6,6,6,3,3,5,3,4,36,1,11,3
249,5,4,6,5,5,5,6,4,5,3,3,5,5,4,4,5,6,5,5,2,5,3,4,4,5,2,2,5,4,5,6,6,5,4,5,5,4,4,4,25,1,3,8,5,5,5,5,5,3,3,5,5,5,5,5,5,5,5,5,5,5,5,5,5,36,1,11,3
250,5,5,5,5,5,5,5,5,5,5,5,5,5,5,5,5,5,6,6,2,6,6,6,6,6,2,2,6,6,4,4,4,4,4,4,4,4,4,4,25,1,3,8,5,5,5,6,5,4,4,6,6,6,6,6,6,6,6,5,5,5,5,5,5,36,1,11,3
251,6,6,6,6,6,6,6,6,6,6,6,6,6,6,6,6,6,6,6,4,4,4,4,5,5,3,2,4,6,6,6,6,6,4,4,4,6,4,4,21,1,3,8,6,6,6,6,5,4,4,6,6,6,4,4,6,6,6,6,6,5,5,5,5,34,1,10,3
252,4,6,5,2,5,1,5,5,6,6,6,4,5,5,4,6,7,6,6,5,3,6,2,6,6,5,3,4,6,5,5,6,3,4,5,6,7,6,5,23,1,2,7,5,5,6,6,5,4,4,5,5,5,5,5,5,5,5,4,4,4,4,4,4,34,1,10,3
253,7,7,7,7,7,7,7,7,7,7,7,7,7,1,1,1,1,4,4,4,4,4,4,4,4,4,4,4,4,3,3,3,3,3,3,3,3,3,4,23,1,3,3,4,4,4,4,4,4,4,4,4,4,4,4,4,4,4,4,4,4,4,4,4,34,1,10,3
254,5,5,5,5,5,4,5,5,5,5,5,4,4,4,4,5,5,4,4,4,4,4,4,4,4,4,4,4,4,4,4,4,4,4,4,4,4,4,4,22,1,3,3,5,5,5,5,5,4,4,5,4,4,4,4,4,5,5,4,5,5,5,4,5,36,1,10,3
255,5,6,7,5,5,5,5,4,4,4,4,5,5,5,5,5,5,6,6,2,4,6,6,6,6,3,1,5,6,4,6,6,5,4,5,4,6,5,4,23,1,4,9,4,4,4,4,4,4,4,4,4,4,4,4,4,4,4,4,4,4,4,4,4,36,1,10,3
256,4,4,4,4,4,4,4,4,4,4,4,4,4,4,4,4,4,4,4,4,4,4,4,4,4,4,4,4,4,4,4,4,4,4,4,4,4,4,4,22,1,2,8,4,4,4,4,4,4,4,4,4,4,4,4,4,4,4,4,4,4,4,4,4,36,1,10,3
257,5,6,4,5,7,6,5,6,7,6,4,5,7,3,6,6,7,6,5,6,5,5,7,7,6,5,4,6,5,5,6,5,7,6,5,6,5,6,5,34,1,4,9,7,7,7,7,4,1,1,7,7,7,7,7,7,7,7,7,7,7,7,7,7,35,1,11,3
258,5,5,4,6,4,4,5,6,4,5,3,5,4,4,5,5,5,5,5,4,5,5,4,5,5,4,4,4,5,4,4,4,4,5,4,4,5,4,5,25,1,4,8,4,4,4,5,5,4,3,6,5,6,6,6,6,6,5,5,5,5,5,5,5,35,1,11,3
259,4,4,4,4,5,2,5,1,1,2,1,4,2,5,5,5,6,4,4,4,4,4,4,4,4,4,4,4,4,4,4,4,4,4,4,4,4,4,4,30,1,4,8,5,4,6,7,6,2,2,6,6,6,7,6,7,6,7,6,5,5,6,7,6,40,1,21,3
260,5,4,3,4,3,2,5,5,6,4,4,3,3,3,4,5,3,3,4,5,6,3,4,1,4,1,4,5,6,7,6,5,3,3,4,3,3,5,4,19,1,3,9,6,5,6,7,6,7,6,6,5,5,6,4,5,6,6,5,5,6,4,7,6,40,1,21,3
261,5,6,7,7,7,7,1,4,2,2,1,3,3,1,1,3,4,6,6,5,6,6,6,6,5,6,5,6,6,4,4,5,6,5,6,6,5,6,6,23,1,3,3,6,5,6,6,7,6,5,5,5,6,7,6,6,5,6,5,4,6,5,6,7,40,1,21,3
262,6,4,4,3,6,4,6,4,6,6,5,7,6,7,6,6,6,7,7,4,4,4,6,7,7,3,7,7,6,6,6,4,4,4,4,4,6,4,5,33,0,4,8,6,6,5,5,4,4,3,4,4,4,3,5,5,5,4,4,2,4,5,5,4,41,1,23,4
263,4,3,5,6,5,5,5,4,6,3,4,4,5,6,7,4,5,6,5,3,6,7,6,4,4,4,5,6,5,7,3,6,5,5,5,5,7,7,5,23,1,3,10,2,5,6,3,7,2,3,6,3,5,4,2,6,6,5,7,6,7,3,5,4,41,1,23,4
264,5,6,7,5,6,2,4,5,6,5,3,4,3,2,4,6,5,6,6,7,4,5,5,5,5,7,6,6,5,6,7,2,6,2,4,4,6,6,5,32,1,3,8,7,3,3,4,4,3,5,5,5,6,7,5,5,6,4,6,5,5,4,5,6,41,1,23,4
265,5,4,2,5,3,6,7,5,2,1,4,6,7,4,3,2,5,5,5,3,5,6,6,7,7,4,4,3,3,3,3,3,3,3,3,3,3,3,4,34,1,3,10,2,4,6,3,5,2,6,5,2,6,3,5,7,6,3,5,2,6,3,7,5,41,1,23,4
266,7,7,7,3,5,5,5,5,4,4,4,5,5,4,4,5,5,7,6,5,6,5,5,5,6,3,5,4,4,5,5,6,5,5,3,4,7,4,4,20,1,3,4,2,2,2,2,2,2,6,6,6,6,6,5,5,5,5,5,5,1,5,5,5,41,1,23,4
267,2,5,3,5,3,1,2,3,4,3,5,3,2,3,2,3,4,2,4,5,6,7,3,2,4,3,5,3,7,5,4,4,7,5,2,3,1,7,4,24,1,4,8,4,4,4,3,4,4,3,3,3,3,3,4,4,3,3,4,4,4,4,3,3,37,1,17,3
268,5,5,7,4,6,6,7,4,4,5,4,5,3,3,7,6,6,7,7,2,6,3,3,5,4,4,5,5,5,4,3,7,5,4,5,4,6,3,3,36,1,3,8,6,5,5,6,4,3,2,6,6,5,5,4,5,4,5,5,5,5,5,6,6,37,1,17,3
269,5,4,4,4,4,4,5,5,2,3,1,4,4,4,3,4,3,6,6,6,6,6,6,6,6,2,4,5,5,6,5,7,7,7,7,6,7,6,6,21,1,3,8,5,4,5,5,4,5,3,4,5,5,5,4,3,6,5,5,5,6,5,5,5,37,1,17,3
270,6,7,7,4,5,5,5,5,4,5,4,5,5,4,4,4,5,6,7,3,6,3,5,4,6,3,3,4,4,5,5,5,5,6,6,5,6,6,5,36,1,3,8,5,5,5,6,5,4,3,6,6,6,5,5,4,5,5,5,5,5,5,5,6,33,1,10,3
271,4,3,3,4,3,1,4,3,1,4,3,5,5,5,4,5,4,3,5,5,3,4,5,3,4,4,3,5,4,4,5,3,3,5,5,3,3,5,3,23,1,3,9,6,6,6,5,5,4,4,4,5,5,4,5,4,6,6,6,6,5,5,5,4,33,1,10,3
272,4,5,4,4,3,3,3,4,4,4,3,4,5,3,4,4,5,5,6,6,6,5,4,5,5,4,4,5,5,4,5,5,5,5,4,5,5,4,4,34,1,3,8,6,6,4,6,6,3,4,5,5,6,5,3,3,4,5,5,6,5,6,5,5,35,1,16,3
273,1,1,1,1,1,1,1,1,1,2,2,2,1,1,2,2,2,6,6,6,6,6,6,6,6,1,5,5,4,4,6,6,6,4,4,6,6,4,6,31,1,3,12,7,6,5,6,5,2,2,5,5,5,5,5,6,7,4,7,5,6,5,5,6,35,1,16,3
274,1,2,2,2,2,2,2,2,2,3,3,6,6,6,6,6,5,6,6,2,6,6,6,6,6,1,1,5,4,4,4,6,6,6,4,6,6,4,5,20,1,3,9,6,5,5,5,5,2,2,5,4,4,4,5,6,6,5,7,5,7,5,5,6,32,1,11,3
275,4,3,4,4,2,2,3,2,2,2,2,4,3,3,2,2,2,5,6,4,6,3,4,4,4,3,5,4,3,4,5,6,4,4,5,4,5,4,4,,,,9,5,5,5,5,5,2,2,4,4,4,4,5,5,5,4,4,4,6,5,4,6,32,1,11,3
276,7,7,6,5,5,6,6,7,7,7,7,7,7,7,6,6,7,6,7,3,6,4,5,7,7,3,2,4,5,7,6,7,5,3,6,4,7,6,4,31,1,4,9,5,5,4,4,3,3,3,3,4,4,4,5,5,6,5,5,4,5,4,4,4,32,1,11,3
277,6,5,6,5,4,2,3,2,7,4,4,5,5,5,5,5,5,7,7,2,7,5,4,7,7,3,3,5,6,5,7,7,7,4,5,4,6,3,5,20,1,3,8,5,5,5,5,5,4,4,4,5,4,4,4,4,5,5,4,4,4,5,5,5,33,1,11,3
278,6,6,5,6,4,4,4,4,3,3,4,4,3,4,5,5,4,6,6,6,6,6,6,6,6,1,5,5,4,4,6,6,6,4,4,6,6,4,6,37,0,3,9,6,7,6,7,6,1,2,5,5,5,5,5,4,7,5,6,4,7,6,6,6,33,1,11,3
279,5,4,5,4,4,4,4,5,4,6,6,4,3,4,5,7,7,6,4,3,4,5,4,5,6,4,4,4,4,3,5,4,5,4,4,3,5,4,4,31,1,2,8,6,6,6,7,6,2,1,4,4,3,4,4,4,6,4,6,5,5,6,4,6,33,1,11,3
280,5,5,5,1,5,5,4,6,5,4,6,4,4,4,4,5,6,6,6,5,5,4,4,6,6,3,4,4,4,6,5,5,4,4,4,4,5,5,4,35,0,3,8,7,6,6,7,6,4,2,5,6,5,5,6,5,7,5,6,5,6,5,5,7,35,1,14,4
281,7,4,3,4,6,5,4,4,4,4,4,5,5,5,6,6,6,6,3,5,5,4,4,3,3,3,3,3,3,2,2,2,2,2,2,2,6,6,5,22,1,3,8,4,5,4,4,4,5,5,4,4,4,4,5,4,7,4,5,4,5,5,4,4,35,1,14,4
282,4,4,4,4,4,4,4,4,7,7,7,5,5,4,3,4,4,5,5,5,5,6,5,6,5,5,5,5,5,4,5,5,5,4,4,4,6,4,4,28,1,3,9,6,7,5,7,6,5,1,5,5,5,4,5,4,7,4,4,5,5,5,6,6,35,1,14,4
283,4,5,6,2,4,4,3,2,5,4,7,6,5,4,6,7,6,6,5,3,5,6,5,6,7,1,2,6,6,7,7,7,4,5,5,2,6,7,5,21,1,3,8,5,4,6,6,6,5,4,4,4,4,5,6,5,7,4,5,4,5,4,4,4,35,1,14,4
284,5,5,4,3,2,2,4,4,6,2,2,4,5,5,5,4,7,3,4,7,2,4,4,5,4,3,4,5,4,3,5,4,5,3,4,5,5,3,4,21,1,3,8,4,4,3,5,6,4,5,5,5,5,4,4,4,6,4,5,3,4,4,4,4,36,1,14,4
285,6,7,7,6,7,6,7,6,6,6,6,5,5,6,4,5,6,5,7,5,5,5,4,6,6,5,4,2,2,6,6,6,6,3,4,4,6,5,5,28,1,4,8,4,5,5,6,6,5,5,5,4,5,5,5,4,5,4,3,5,6,4,3,4,36,1,14,4
286,3,3,3,3,3,2,2,4,5,3,1,2,5,5,2,4,4,5,4,4,4,4,4,4,5,4,4,4,4,4,4,5,5,4,5,4,5,4,4,36,1,3,12,4,5,5,5,5,4,4,4,3,3,4,3,3,7,4,5,5,5,4,4,3,36,1,14,4
287,6,7,7,4,6,4,5,4,4,5,2,3,3,2,4,4,5,5,7,3,7,5,4,1,6,1,3,5,5,5,7,4,7,4,7,4,7,7,4,37,0,3,9,5,5,5,7,6,4,3,4,4,4,3,4,2,7,4,4,4,5,4,4,5,36,1,14,4
288,5,5,4,4,4,5,7,7,7,5,1,5,6,4,5,5,5,6,7,1,6,2,6,4,4,6,7,4,7,6,7,4,6,4,5,4,7,5,4,49,1,3,9,6,5,4,5,5,3,3,4,4,4,4,4,4,7,4,5,3,4,4,4,5,36,1,14,4
289,5,5,4,4,4,4,6,6,6,5,2,5,4,4,4,5,5,6,6,2,6,6,6,6,6,3,2,6,6,4,4,6,5,2,3,5,5,3,4,45,1,3,9,5,5,5,5,5,3,3,4,4,4,4,4,4,7,5,4,5,5,5,5,5,35,1,15,4
290,4,6,6,4,5,4,6,6,7,7,5,5,5,5,5,7,5,6,6,6,6,6,4,3,4,2,4,4,4,5,5,5,4,5,4,6,6,4,6,20,1,3,9,5,4,5,5,5,3,3,4,4,4,4,4,7,4,4,4,5,4,4,5,4,35,1,15,4
291,5,6,6,6,6,5,5,4,5,5,4,5,5,5,3,6,6,6,7,7,7,6,6,7,6,1,2,7,6,7,7,7,4,6,2,5,7,7,7,21,1,3,9,5,5,5,6,6,5,4,4,4,5,3,3,3,4,4,4,4,5,4,4,4,35,1,15,4
292,5,4,5,4,7,4,7,4,7,7,7,4,5,4,4,7,7,7,6,3,5,5,5,7,7,3,3,7,6,7,5,7,7,7,4,4,7,4,4,36,1,3,8,6,6,6,6,5,4,1,5,6,4,4,4,6,6,6,4,4,4,5,5,6,42,1,24,3
293,3,4,4,3,4,3,3,5,1,2,4,5,5,6,3,6,6,5,5,4,5,4,6,4,5,4,4,5,6,4,4,7,4,3,4,2,5,3,3,21,1,3,3,6,6,6,6,5,4,1,5,6,4,4,4,6,6,6,4,4,4,5,5,6,42,1,24,3
294,6,6,6,6,4,2,5,3,3,6,2,4,6,4,3,4,4,6,5,6,7,6,4,7,5,4,6,5,7,5,6,5,6,4,5,5,7,5,6,25,1,3,12,6,6,6,6,5,4,1,5,6,4,4,4,6,6,6,4,4,4,5,5,6,42,1,24,3
295,5,5,5,5,4,3,4,4,1,4,1,5,4,3,4,5,6,5,6,7,7,7,7,6,6,2,1,4,6,7,6,7,5,2,2,3,6,4,3,24,1,3,8,6,6,6,6,5,4,1,4,4,4,4,4,6,7,4,4,4,4,5,5,6,42,1,24,3
296,3,3,3,4,3,2,3,2,3,2,2,4,4,3,4,5,4,6,6,4,6,6,5,6,6,3,2,5,5,6,4,6,6,4,4,5,6,5,4,23,1,3,9,7,7,7,7,6,1,1,7,7,6,5,6,7,7,6,7,7,6,7,6,7,46,1,24,4
297,3,4,2,3,5,5,5,6,6,6,6,6,6,6,4,4,4,2,5,2,2,6,2,3,4,5,6,2,3,6,6,7,4,4,5,5,4,3,4,25,1,3,12,7,7,7,7,6,1,1,7,7,6,5,7,7,7,7,7,7,6,7,6,7,46,1,24,4
298,5,6,5,4,7,4,6,4,7,5,4,6,4,4,2,4,4,7,6,4,5,5,4,4,5,1,2,4,5,5,6,6,7,6,4,2,6,7,5,23,1,3,9,7,7,6,7,6,2,2,7,7,6,6,6,7,7,6,7,7,6,7,6,7,46,1,24,4
299,5,4,4,4,4,5,4,3,3,3,3,3,3,3,3,3,3,4,4,4,4,4,4,4,5,3,4,4,4,4,4,4,4,4,5,4,4,4,4,26,1,4,12,7,7,7,7,5,4,3,6,6,6,5,6,7,7,6,6,6,6,7,6,7,46,1,24,4
300,4,6,6,2,4,4,4,6,4,4,4,4,4,4,4,5,4,5,5,3,5,4,5,5,5,2,2,3,4,4,4,5,5,3,5,3,5,4,2,,0,4,9,7,6,6,6,6,3,1,5,4,3,4,6,6,7,7,6,6,6,7,6,6,46,1,24,4
301,4,2,4,2,2,5,4,6,4,1,1,4,4,3,3,5,5,6,7,6,6,6,5,6,6,1,5,2,4,4,7,7,6,1,4,5,6,6,4,19,1,3,3,5,4,4,4,5,4,4,2,2,2,2,4,2,5,3,5,4,4,5,4,5,40,1,20,4
302,5,5,4,4,4,5,5,7,7,5,1,5,4,4,4,5,5,6,7,1,6,2,6,7,7,5,1,7,6,3,7,7,4,7,7,4,7,5,4,21,1,3,3,6,6,4,5,5,4,4,2,2,1,2,6,5,6,4,4,5,4,5,5,6,40,1,20,4
303,5,7,5,4,7,6,7,7,3,4,4,3,4,4,4,7,5,6,6,2,6,4,5,4,5,3,2,6,6,5,5,7,4,5,4,4,5,6,4,33,0,3,9,7,7,6,7,6,3,1,6,6,5,6,7,7,7,6,7,6,6,6,5,7,40,1,20,4
304,6,5,5,3,5,6,5,6,7,6,6,6,6,5,4,6,6,6,5,5,6,4,6,4,6,3,3,4,5,6,6,6,7,4,5,5,6,3,4,20,1,3,3,6,6,5,6,6,4,3,3,2,2,3,4,4,5,4,5,4,3,4,4,5,40,1,20,4
305,5,5,5,4,4,4,5,6,6,5,4,4,4,4,6,6,5,6,7,6,6,6,6,6,6,4,1,6,6,7,7,6,6,6,5,6,7,5,5,21,1,3,8,7,7,6,6,5,4,4,4,4,3,3,6,6,6,5,6,6,6,5,5,6,40,1,20,4
306,4,5,6,4,4,3,5,7,7,6,6,5,4,3,3,5,6,5,6,5,6,6,6,4,6,3,2,5,4,6,4,6,5,4,5,5,6,4,4,25,1,3,9,4,5,4,4,4,3,3,3,3,4,4,3,3,5,4,4,4,4,4,4,4,30,1,11,3
307,5,3,5,3,6,4,5,4,6,6,6,4,6,6,2,4,3,7,7,3,6,3,7,7,7,1,1,6,6,5,4,3,3,3,6,3,6,1,2,35,1,3,9,3,3,3,4,4,3,3,3,3,3,3,4,4,4,3,4,5,4,3,3,4,30,1,11,3
308,4,5,6,4,5,6,5,4,4,6,5,4,4,4,4,5,4,7,7,4,5,4,4,4,4,1,4,4,4,7,7,7,5,4,4,4,7,5,7,39,1,3,9,4,4,4,4,5,5,4,4,4,4,4,4,4,4,4,3,3,5,4,3,3,30,1,11,3
309,4,4,5,4,6,6,6,7,7,7,7,5,5,4,4,6,6,6,6,1,6,2,4,6,6,1,1,4,2,6,6,6,6,5,6,6,6,6,6,25,1,3,12,4,5,5,5,4,4,5,5,5,5,5,4,4,4,4,4,4,4,4,4,4,30,1,11,3
310,5,4,4,5,5,4,3,4,7,7,3,3,4,5,5,6,5,7,6,4,4,1,7,7,7,1,2,4,7,7,6,7,5,4,4,4,6,7,7,22,1,3,8,5,6,5,5,4,2,2,4,4,5,5,4,4,4,5,4,4,5,5,4,6,30,1,11,3
311,5,6,5,4,6,5,5,4,5,4,5,6,5,6,5,5,6,5,5,3,4,6,5,5,6,3,6,5,5,5,6,7,4,3,3,3,6,6,4,23,1,3,9,5,5,4,5,4,4,4,3,3,3,3,3,3,4,3,3,4,3,4,4,4,30,1,11,3
312,5,5,4,4,5,7,7,6,4,4,4,6,4,2,4,6,7,7,7,4,4,4,4,4,4,7,4,4,4,4,4,6,6,3,4,7,7,7,7,41,1,2,9,3,3,3,4,4,3,3,3,3,3,3,4,4,4,3,4,5,4,3,3,4,30,1,11,3
313,6,6,7,6,6,5,6,5,4,5,4,6,5,6,6,7,5,6,6,3,6,6,6,6,7,4,3,5,5,6,7,7,6,6,6,7,7,5,5,41,0,3,9,6,6,5,5,4,1,2,4,4,4,4,4,4,6,5,5,4,5,5,4,6,30,1,11,3
314,5,5,5,3,5,6,5,4,4,1,1,1,1,1,4,5,5,6,6,2,6,6,4,2,6,2,4,6,2,6,6,4,6,2,2,4,6,5,2,34,0,3,9,7,7,5,5,4,3,4,5,5,5,5,6,6,7,7,6,5,6,5,5,6,42,1,24,4
315,6,5,4,4,6,2,6,4,7,2,4,5,6,4,3,5,1,6,6,5,6,6,6,6,6,2,6,5,6,7,2,7,6,1,5,6,6,6,5,39,1,3,9,6,6,5,6,5,3,3,6,5,5,5,6,6,7,6,7,6,6,7,7,7,42,1,24,4
316,5,6,7,5,5,5,6,5,7,5,5,6,6,6,5,5,5,5,6,3,5,5,4,6,6,4,3,4,5,6,5,6,6,6,5,3,5,5,5,38,0,3,10,5,6,5,5,4,5,4,5,5,5,6,6,6,7,6,6,5,6,6,6,5,42,1,24,4
317,5,4,4,4,6,5,6,4,5,4,3,4,4,4,4,4,5,6,6,3,6,5,4,5,6,5,4,5,5,5,4,5,4,4,4,5,7,5,5,21,1,3,9,6,6,5,5,4,5,4,5,5,5,5,5,5,7,4,6,5,5,6,6,6,42,1,24,4
318,7,7,7,7,6,5,4,4,7,7,4,5,5,4,4,5,4,7,7,1,6,4,6,5,6,3,4,4,7,6,6,7,7,7,7,7,7,6,4,22,1,3,8,4,5,5,5,3,4,3,5,4,4,5,6,6,7,5,7,5,5,5,5,5,42,1,24,4
319,5,5,6,4,4,4,3,4,4,3,2,5,5,5,4,5,4,7,7,1,7,5,4,7,7,3,2,4,6,5,6,5,4,4,6,4,5,4,4,32,0,2,11,4,6,4,7,5,4,1,4,5,4,5,4,5,6,4,6,5,5,6,4,6,34,1,12,4
320,6,4,3,3,1,1,2,1,1,1,1,2,5,3,1,1,1,4,3,4,2,3,4,7,7,4,7,5,4,3,2,4,4,2,3,4,3,4,3,,,,3,6,5,7,4,3,5,4,3,4,5,3,4,4,4,5,7,7,4,5,4,5,34,1,12,4